-- phpMyAdmin SQL Dump
-- version 4.5.1
-- http://www.phpmyadmin.net
--
-- Host: 127.0.0.1
-- Generation Time: Nov 20, 2017 at 06:28 AM
-- Server version: 10.1.10-MariaDB
-- PHP Version: 5.6.19

SET SQL_MODE = "NO_AUTO_VALUE_ON_ZERO";
SET time_zone = "+00:00";


/*!40101 SET @OLD_CHARACTER_SET_CLIENT=@@CHARACTER_SET_CLIENT */;
/*!40101 SET @OLD_CHARACTER_SET_RESULTS=@@CHARACTER_SET_RESULTS */;
/*!40101 SET @OLD_COLLATION_CONNECTION=@@COLLATION_CONNECTION */;
/*!40101 SET NAMES utf8mb4 */;

--
-- Database: `mibrathe_swinbins`
--

-- --------------------------------------------------------

--
-- Table structure for table `bincategory`
--

CREATE TABLE `bincategory` (
  `bintype` varchar(22) NOT NULL,
  `binlength` int(64) NOT NULL,
  `volume` int(64) NOT NULL
) ENGINE=InnoDB DEFAULT CHARSET=latin1;

--
-- Dumping data for table `bincategory`
--

INSERT INTO `bincategory` (`bintype`, `binlength`, `volume`) VALUES
('A', 150, 0),
('B', 100, 0);

-- --------------------------------------------------------

--
-- Table structure for table `bindata`
--

CREATE TABLE `bindata` (
  `entryid` int(6) NOT NULL,
  `binid` int(6) NOT NULL,
  `fill` int(10) NOT NULL,
  `battery` int(10) NOT NULL,
  `date` date NOT NULL,
  `time` time NOT NULL,
  `entrydate` timestamp NOT NULL DEFAULT CURRENT_TIMESTAMP ON UPDATE CURRENT_TIMESTAMP
) ENGINE=InnoDB DEFAULT CHARSET=latin1;

--
-- Dumping data for table `bindata`
--

INSERT INTO `bindata` (`entryid`, `binid`, `fill`, `battery`, `date`, `time`, `entrydate`) VALUES
(1, 0, 25, 2, '2017-11-01', '05:00:00', '2017-11-06 23:23:43'),
(2, 10002, 73, 2, '2017-11-01', '08:00:00', '2017-11-02 02:01:45'),
(3, 10001, 64, 3, '2017-11-02', '17:00:00', '2017-11-02 02:15:26'),
(4, 10001, 89, 2, '2017-11-06', '10:00:00', '2017-11-06 23:47:43'),
(5, 10002, 56, 2, '2017-11-06', '07:00:00', '2017-11-06 23:48:00'),
(6, 10001, 76, 2, '2017-11-07', '09:00:00', '2017-11-06 23:48:39'),
(8, 10001, 70, 2, '2017-11-04', '06:00:00', '2017-11-09 07:38:53'),
(9, 10001, 79, 2, '2017-11-05', '13:00:00', '2017-11-09 07:38:53'),
(10, 10002, 52, 0, '2017-11-14', '00:00:00', '2017-11-20 05:07:41'),
(11, 10002, 66, 0, '2017-11-15', '00:00:00', '2017-11-20 05:07:41'),
(12, 10002, 13, 0, '2017-11-16', '00:00:00', '2017-11-20 05:07:41'),
(13, 10002, 54, 0, '2017-11-17', '00:00:00', '2017-11-20 05:07:41'),
(14, 10002, 81, 0, '2017-11-18', '00:00:00', '2017-11-20 05:07:41'),
(15, 10002, 95, 0, '2017-11-19', '00:00:00', '2017-11-20 05:07:41'),
(16, 10002, 15, 0, '2017-11-20', '00:00:00', '2017-11-20 05:07:41'),
(17, 10002, 44, 0, '2017-11-21', '00:00:00', '2017-11-20 05:07:41'),
(18, 10002, 53, 0, '2017-11-22', '00:00:00', '2017-11-20 05:07:41'),
(19, 10002, 27, 0, '2017-11-23', '00:00:00', '2017-11-20 05:07:41'),
(20, 10002, 50, 0, '2017-11-24', '00:00:00', '2017-11-20 05:07:41'),
(21, 10002, 73, 0, '2017-11-25', '00:00:00', '2017-11-20 05:07:41'),
(22, 10002, 93, 0, '2017-11-26', '00:00:00', '2017-11-20 05:07:41'),
(23, 10002, 13, 0, '2017-11-27', '00:00:00', '2017-11-20 05:07:41'),
(24, 10002, 44, 0, '2017-11-28', '00:00:00', '2017-11-20 05:07:41'),
(25, 10002, 65, 0, '2017-11-29', '00:00:00', '2017-11-20 05:07:41'),
(26, 10002, 14, 0, '2017-11-30', '00:00:00', '2017-11-20 05:07:41');

-- --------------------------------------------------------

--
-- Table structure for table `bindetails`
--

CREATE TABLE `bindetails` (
  `binid` int(6) NOT NULL,
  `location` varchar(64) NOT NULL,
  `latitude` float(10,6) NOT NULL,
  `longitude` float(10,6) NOT NULL,
  `bintype` varchar(64) NOT NULL,
  `area` varchar(64) NOT NULL,
  `Priority` varchar(64) NOT NULL,
  `zone` varchar(10) NOT NULL,
  `tags` varchar(128) NOT NULL,
  `update_frequency` int(2) NOT NULL,
  `status` tinyint(1) NOT NULL,
  `empid` varchar(8) NOT NULL,
  `time_collected` int(64) NOT NULL
) ENGINE=InnoDB DEFAULT CHARSET=latin1;

--
-- Dumping data for table `bindetails`
--

INSERT INTO `bindetails` (`binid`, `location`, `latitude`, `longitude`, `bintype`, `area`, `Priority`, `zone`, `tags`, `update_frequency`, `status`, `empid`, `time_collected`) VALUES
(0, '', 0.000000, 0.000000, '', '', '', '', '', 0, 0, '', 0),
(10001, 'Gardenia court', 1.524095, 110.364807, 'B', 'King center', 'High', 'B', 'private', 2, 1, '1', 0),
(10002, 'milk shop', 1.523852, 110.363869, 'A', 'king center', 'low', 'A', 'public', 2, 1, '1', 0),
(10003, 'swinburne', 1.532300, 110.357201, 'A', 'Tun jugah', 'Medium', 'A', 'university,government', 1, 1, '2', 0),
(10004, 'gardenia', 1.345550, 103.445396, 'A', '', 'high', 'C', 'public', 0, 0, '', 0),
(10005, 'gardenia', 1.345550, 103.445396, 'A', '', 'high', 'C', 'public', 0, 0, '', 0),
(10006, 'gardenia', 1.467000, 103.571999, 'A', '', 'medium', 'D', 'public', 0, 0, '', 0);

-- --------------------------------------------------------

--
-- Table structure for table `bins`
--

CREATE TABLE `bins` (
  `entryId` int(11) NOT NULL,
  `binid` int(6) NOT NULL,
  `day` varchar(64) NOT NULL,
  `date` date NOT NULL,
  `fill` varchar(64) NOT NULL
) ENGINE=InnoDB DEFAULT CHARSET=latin1;

--
-- Dumping data for table `bins`
--

INSERT INTO `bins` (`entryId`, `binid`, `day`, `date`, `fill`) VALUES
(1, 10001, 'Saturday', '2016-12-31', '77'),
(2, 10001, 'Sunday', '2017-01-01', '87'),
(3, 10001, 'Monday', '2017-01-02', '9'),
(4, 10001, 'Tuesday', '2017-01-03', '60'),
(5, 10001, 'Wednesday', '2017-01-04', '55'),
(6, 10001, 'Thursday', '2017-01-05', '17'),
(7, 10001, 'Friday', '2017-01-06', '36'),
(8, 10001, 'Saturday', '2017-01-07', '79'),
(9, 10001, 'Sunday', '2017-01-08', '88'),
(10, 10001, 'Monday', '2017-01-09', '17'),
(11, 10001, 'Tuesday', '2017-01-10', '61'),
(12, 10001, 'Wednesday', '2017-01-11', '72'),
(13, 10001, 'Thursday', '2017-01-12', '17'),
(14, 10001, 'Friday', '2017-01-13', '54'),
(15, 10001, 'Saturday', '2017-01-14', '71'),
(16, 10001, 'Sunday', '2017-01-15', '90'),
(17, 10001, 'Monday', '2017-01-16', '20'),
(18, 10001, 'Tuesday', '2017-01-17', '60'),
(19, 10001, 'Wednesday', '2017-01-18', '67'),
(20, 10001, 'Thursday', '2017-01-19', '19'),
(21, 10001, 'Friday', '2017-01-20', '55'),
(22, 10001, 'Saturday', '2017-01-21', '82'),
(23, 10001, 'Sunday', '2017-01-22', '90'),
(24, 10001, 'Monday', '2017-01-23', '13'),
(25, 10001, 'Tuesday', '2017-01-24', '37'),
(26, 10001, 'Wednesday', '2017-01-25', '56'),
(27, 10001, 'Thursday', '2017-01-26', '19'),
(28, 10001, 'Friday', '2017-01-27', '39'),
(29, 10001, 'Saturday', '2017-01-28', '73'),
(30, 10001, 'Sunday', '2017-01-29', '83'),
(31, 10001, 'Monday', '2017-01-30', '10'),
(32, 10001, 'Tuesday', '2017-01-31', '55'),
(33, 10001, 'Wednesday', '2017-02-01', '73'),
(34, 10001, 'Thursday', '2017-02-02', '14'),
(35, 10001, 'Friday', '2017-02-03', '56'),
(36, 10001, 'Saturday', '2017-02-04', '77'),
(37, 10001, 'Sunday', '2017-02-05', '92'),
(38, 10001, 'Monday', '2017-02-06', '18'),
(39, 10001, 'Tuesday', '2017-02-07', '59'),
(40, 10001, 'Wednesday', '2017-02-08', '55'),
(41, 10001, 'Thursday', '2017-02-09', '17'),
(42, 10001, 'Friday', '2017-02-10', '53'),
(43, 10001, 'Saturday', '2017-02-11', '69'),
(44, 10001, 'Sunday', '2017-02-12', '86'),
(45, 10001, 'Monday', '2017-02-13', '15'),
(46, 10001, 'Tuesday', '2017-02-14', '48'),
(47, 10001, 'Wednesday', '2017-02-15', '70'),
(48, 10001, 'Thursday', '2017-02-16', '11'),
(49, 10001, 'Friday', '2017-02-17', '39'),
(50, 10001, 'Saturday', '2017-02-18', '80'),
(51, 10001, 'Sunday', '2017-02-19', '75'),
(52, 10001, 'Monday', '2017-02-20', '20'),
(53, 10001, 'Tuesday', '2017-02-21', '41'),
(54, 10001, 'Wednesday', '2017-02-22', '59'),
(55, 10001, 'Thursday', '2017-02-23', '9'),
(56, 10001, 'Friday', '2017-02-24', '48'),
(57, 10001, 'Saturday', '2017-02-25', '82'),
(58, 10001, 'Sunday', '2017-02-26', '92'),
(59, 10001, 'Monday', '2017-02-27', '8'),
(60, 10001, 'Tuesday', '2017-02-28', '42'),
(61, 10001, 'Wednesday', '2017-03-01', '46'),
(62, 10001, 'Thursday', '2017-03-02', '12'),
(63, 10001, 'Friday', '2017-03-03', '38'),
(64, 10001, 'Saturday', '2017-03-04', '74'),
(65, 10001, 'Sunday', '2017-03-05', '89'),
(66, 10001, 'Monday', '2017-03-06', '20'),
(67, 10001, 'Tuesday', '2017-03-07', '40'),
(68, 10001, 'Wednesday', '2017-03-08', '77'),
(69, 10001, 'Thursday', '2017-03-09', '13'),
(70, 10001, 'Friday', '2017-03-10', '58'),
(71, 10001, 'Saturday', '2017-03-11', '80'),
(72, 10001, 'Sunday', '2017-03-12', '89'),
(73, 10001, 'Monday', '2017-03-13', '15'),
(74, 10001, 'Tuesday', '2017-03-14', '55'),
(75, 10001, 'Wednesday', '2017-03-15', '68'),
(76, 10001, 'Thursday', '2017-03-16', '22'),
(77, 10001, 'Friday', '2017-03-17', '46'),
(78, 10001, 'Saturday', '2017-03-18', '69'),
(79, 10001, 'Sunday', '2017-03-19', '96'),
(80, 10001, 'Monday', '2017-03-20', '19'),
(81, 10001, 'Tuesday', '2017-03-21', '61'),
(82, 10001, 'Wednesday', '2017-03-22', '62'),
(83, 10001, 'Thursday', '2017-03-23', '11'),
(84, 10001, 'Friday', '2017-03-24', '51'),
(85, 10001, 'Saturday', '2017-03-25', '76'),
(86, 10001, 'Sunday', '2017-03-26', '83'),
(87, 10001, 'Monday', '2017-03-27', '8'),
(88, 10001, 'Tuesday', '2017-03-28', '41'),
(89, 10001, 'Wednesday', '2017-03-29', '52'),
(90, 10001, 'Thursday', '2017-03-30', '24'),
(91, 10001, 'Friday', '2017-03-31', '52'),
(92, 10001, 'Saturday', '2017-04-01', '78'),
(93, 10001, 'Sunday', '2017-04-02', '81'),
(94, 10001, 'Monday', '2017-04-03', '13'),
(95, 10001, 'Tuesday', '2017-04-04', '61'),
(96, 10001, 'Wednesday', '2017-04-05', '56'),
(97, 10001, 'Thursday', '2017-04-06', '22'),
(98, 10001, 'Friday', '2017-04-07', '54'),
(99, 10001, 'Saturday', '2017-04-08', '83'),
(100, 10001, 'Sunday', '2017-04-09', '84'),
(101, 10001, 'Monday', '2017-04-10', '10'),
(102, 10001, 'Tuesday', '2017-04-11', '40'),
(103, 10001, 'Wednesday', '2017-04-12', '49'),
(104, 10001, 'Thursday', '2017-04-13', '17'),
(105, 10001, 'Friday', '2017-04-14', '51'),
(106, 10001, 'Saturday', '2017-04-15', '72'),
(107, 10001, 'Sunday', '2017-04-16', '86'),
(108, 10001, 'Monday', '2017-04-17', '5'),
(109, 10001, 'Tuesday', '2017-04-18', '51'),
(110, 10001, 'Wednesday', '2017-04-19', '61'),
(111, 10001, 'Thursday', '2017-04-20', '23'),
(112, 10001, 'Friday', '2017-04-21', '46'),
(113, 10001, 'Saturday', '2017-04-22', '80'),
(114, 10001, 'Sunday', '2017-04-23', '90'),
(115, 10001, 'Monday', '2017-04-24', '17'),
(116, 10001, 'Tuesday', '2017-04-25', '42'),
(117, 10001, 'Wednesday', '2017-04-26', '65'),
(118, 10001, 'Thursday', '2017-04-27', '23'),
(119, 10001, 'Friday', '2017-04-28', '42'),
(120, 10001, 'Saturday', '2017-04-29', '81'),
(121, 10001, 'Sunday', '2017-04-30', '90'),
(122, 10001, 'Monday', '2017-05-01', '12'),
(123, 10001, 'Tuesday', '2017-05-02', '61'),
(124, 10001, 'Wednesday', '2017-05-03', '50'),
(125, 10001, 'Thursday', '2017-05-04', '21'),
(126, 10001, 'Friday', '2017-05-05', '56'),
(127, 10001, 'Saturday', '2017-05-06', '85'),
(128, 10001, 'Sunday', '2017-05-07', '93'),
(129, 10001, 'Monday', '2017-05-08', '15'),
(130, 10001, 'Tuesday', '2017-05-09', '57'),
(131, 10001, 'Wednesday', '2017-05-10', '73'),
(132, 10001, 'Thursday', '2017-05-11', '11'),
(133, 10001, 'Friday', '2017-05-12', '39'),
(134, 10001, 'Saturday', '2017-05-13', '68'),
(135, 10001, 'Sunday', '2017-05-14', '76'),
(136, 10001, 'Monday', '2017-05-15', '15'),
(137, 10001, 'Tuesday', '2017-05-16', '62'),
(138, 10001, 'Wednesday', '2017-05-17', '65'),
(139, 10001, 'Thursday', '2017-05-18', '17'),
(140, 10001, 'Friday', '2017-05-19', '48'),
(141, 10001, 'Saturday', '2017-05-20', '78'),
(142, 10001, 'Sunday', '2017-05-21', '94'),
(143, 10001, 'Monday', '2017-05-22', '20'),
(144, 10001, 'Tuesday', '2017-05-23', '45'),
(145, 10001, 'Wednesday', '2017-05-24', '76'),
(146, 10001, 'Thursday', '2017-05-25', '12'),
(147, 10001, 'Friday', '2017-05-26', '41'),
(148, 10001, 'Saturday', '2017-05-27', '84'),
(149, 10001, 'Sunday', '2017-05-28', '90'),
(150, 10001, 'Monday', '2017-05-29', '13'),
(151, 10001, 'Tuesday', '2017-05-30', '45'),
(152, 10001, 'Wednesday', '2017-05-31', '72'),
(153, 10001, 'Thursday', '2017-06-01', '19'),
(154, 10001, 'Friday', '2017-06-02', '47'),
(155, 10001, 'Saturday', '2017-06-03', '66'),
(156, 10001, 'Sunday', '2017-06-04', '86'),
(157, 10001, 'Monday', '2017-06-05', '15'),
(158, 10001, 'Tuesday', '2017-06-06', '61'),
(159, 10001, 'Wednesday', '2017-06-07', '63'),
(160, 10001, 'Thursday', '2017-06-08', '26'),
(161, 10001, 'Friday', '2017-06-09', '50'),
(162, 10001, 'Saturday', '2017-06-10', '84'),
(163, 10001, 'Sunday', '2017-06-11', '89'),
(164, 10001, 'Monday', '2017-06-12', '14'),
(165, 10001, 'Tuesday', '2017-06-13', '58'),
(166, 10001, 'Wednesday', '2017-06-14', '53'),
(167, 10001, 'Thursday', '2017-06-15', '25'),
(168, 10001, 'Friday', '2017-06-16', '51'),
(169, 10001, 'Saturday', '2017-06-17', '71'),
(170, 10001, 'Sunday', '2017-06-18', '80'),
(171, 10001, 'Monday', '2017-06-19', '9'),
(172, 10001, 'Tuesday', '2017-06-20', '54'),
(173, 10001, 'Wednesday', '2017-06-21', '58'),
(174, 10001, 'Thursday', '2017-06-22', '22'),
(175, 10001, 'Friday', '2017-06-23', '57'),
(176, 10001, 'Saturday', '2017-06-24', '72'),
(177, 10001, 'Sunday', '2017-06-25', '87'),
(178, 10001, 'Monday', '2017-06-26', '8'),
(179, 10001, 'Tuesday', '2017-06-27', '55'),
(180, 10001, 'Wednesday', '2017-06-28', '48'),
(181, 10001, 'Thursday', '2017-06-29', '18'),
(182, 10001, 'Friday', '2017-06-30', '53'),
(183, 10001, 'Saturday', '2017-07-01', '68'),
(184, 10001, 'Sunday', '2017-07-02', '77'),
(185, 10001, 'Monday', '2017-07-03', '5'),
(186, 10001, 'Tuesday', '2017-07-04', '39'),
(187, 10001, 'Wednesday', '2017-07-05', '64'),
(188, 10001, 'Thursday', '2017-07-06', '21'),
(189, 10001, 'Friday', '2017-07-07', '52'),
(190, 10001, 'Saturday', '2017-07-08', '65'),
(191, 10001, 'Sunday', '2017-07-09', '84'),
(192, 10001, 'Monday', '2017-07-10', '13'),
(193, 10001, 'Tuesday', '2017-07-11', '39'),
(194, 10001, 'Wednesday', '2017-07-12', '49'),
(195, 10001, 'Thursday', '2017-07-13', '21'),
(196, 10001, 'Friday', '2017-07-14', '39'),
(197, 10001, 'Saturday', '2017-07-15', '65'),
(198, 10001, 'Sunday', '2017-07-16', '89'),
(199, 10001, 'Monday', '2017-07-17', '8'),
(200, 10001, 'Tuesday', '2017-07-18', '54'),
(201, 10001, 'Wednesday', '2017-07-19', '52'),
(202, 10001, 'Thursday', '2017-07-20', '25'),
(203, 10001, 'Friday', '2017-07-21', '50'),
(204, 10001, 'Saturday', '2017-07-22', '68'),
(205, 10001, 'Sunday', '2017-07-23', '75'),
(206, 10001, 'Monday', '2017-07-24', '10'),
(207, 10001, 'Tuesday', '2017-07-25', '37'),
(208, 10001, 'Wednesday', '2017-07-26', '72'),
(209, 10001, 'Thursday', '2017-07-27', '27'),
(210, 10001, 'Friday', '2017-07-28', '38'),
(211, 10001, 'Saturday', '2017-07-29', '53'),
(212, 10001, 'Sunday', '2017-07-30', '75'),
(213, 10001, 'Monday', '2017-07-31', '9'),
(214, 10001, 'Tuesday', '2017-08-01', '36'),
(215, 10001, 'Wednesday', '2017-08-02', '73'),
(216, 10001, 'Thursday', '2017-08-03', '12'),
(217, 10001, 'Friday', '2017-08-04', '43'),
(218, 10001, 'Saturday', '2017-08-05', '69'),
(219, 10001, 'Sunday', '2017-08-06', '81'),
(220, 10001, 'Monday', '2017-08-07', '9'),
(221, 10001, 'Tuesday', '2017-08-08', '58'),
(222, 10001, 'Wednesday', '2017-08-09', '74'),
(223, 10001, 'Thursday', '2017-08-10', '16'),
(224, 10001, 'Friday', '2017-08-11', '48'),
(225, 10001, 'Saturday', '2017-08-12', '67'),
(226, 10001, 'Sunday', '2017-08-13', '95'),
(227, 10001, 'Monday', '2017-08-14', '7'),
(228, 10001, 'Tuesday', '2017-08-15', '57'),
(229, 10001, 'Wednesday', '2017-08-16', '57'),
(230, 10001, 'Thursday', '2017-08-17', '11'),
(231, 10001, 'Friday', '2017-08-18', '52'),
(232, 10001, 'Saturday', '2017-08-19', '71'),
(233, 10001, 'Sunday', '2017-08-20', '81'),
(234, 10001, 'Monday', '2017-08-21', '14'),
(235, 10001, 'Tuesday', '2017-08-22', '42'),
(236, 10001, 'Wednesday', '2017-08-23', '55'),
(237, 10001, 'Thursday', '2017-08-24', '9'),
(238, 10001, 'Friday', '2017-08-25', '48'),
(239, 10001, 'Saturday', '2017-08-26', '69'),
(240, 10001, 'Sunday', '2017-08-27', '82'),
(241, 10001, 'Monday', '2017-08-28', '5'),
(242, 10001, 'Tuesday', '2017-08-29', '37'),
(243, 10001, 'Wednesday', '2017-08-30', '54'),
(244, 10001, 'Thursday', '2017-08-31', '25'),
(245, 10001, 'Friday', '2017-09-01', '58'),
(246, 10001, 'Saturday', '2017-09-02', '75'),
(247, 10001, 'Sunday', '2017-09-03', '92'),
(248, 10001, 'Monday', '2017-09-04', '15'),
(249, 10001, 'Tuesday', '2017-09-05', '51'),
(250, 10001, 'Wednesday', '2017-09-06', '55'),
(251, 10001, 'Thursday', '2017-09-07', '25'),
(252, 10001, 'Friday', '2017-09-08', '57'),
(253, 10001, 'Saturday', '2017-09-09', '65'),
(254, 10001, 'Sunday', '2017-09-10', '91'),
(255, 10001, 'Monday', '2017-09-11', '6'),
(256, 10001, 'Tuesday', '2017-09-12', '47'),
(257, 10001, 'Wednesday', '2017-09-13', '76'),
(258, 10001, 'Thursday', '2017-09-14', '10'),
(259, 10001, 'Friday', '2017-09-15', '55'),
(260, 10001, 'Saturday', '2017-09-16', '75'),
(261, 10001, 'Sunday', '2017-09-17', '95'),
(262, 10001, 'Monday', '2017-09-18', '15'),
(263, 10001, 'Tuesday', '2017-09-19', '53'),
(264, 10001, 'Wednesday', '2017-09-20', '51'),
(265, 10001, 'Thursday', '2017-09-21', '22'),
(266, 10001, 'Friday', '2017-09-22', '50'),
(267, 10001, 'Saturday', '2017-09-23', '70'),
(268, 10001, 'Sunday', '2017-09-24', '97'),
(269, 10001, 'Monday', '2017-09-25', '19'),
(270, 10001, 'Tuesday', '2017-09-26', '38'),
(271, 10001, 'Wednesday', '2017-09-27', '58'),
(272, 10001, 'Thursday', '2017-09-28', '15'),
(273, 10001, 'Friday', '2017-09-29', '51'),
(274, 10001, 'Saturday', '2017-09-30', '96'),
(275, 10001, 'Sunday', '2017-10-01', '10'),
(276, 10001, 'Monday', '2017-10-02', '40'),
(277, 10001, 'Tuesday', '2017-10-03', '72'),
(278, 10001, 'Wednesday', '2017-10-04', '15'),
(279, 10001, 'Thursday', '2017-10-05', '51'),
(280, 10001, 'Friday', '2017-10-06', '83'),
(281, 10001, 'Saturday', '2017-10-07', '97'),
(282, 10001, 'Sunday', '2017-10-08', '7'),
(283, 10001, 'Monday', '2017-10-09', '36'),
(284, 10001, 'Tuesday', '2017-10-10', '53'),
(285, 10001, 'Wednesday', '2017-10-11', '2'),
(286, 10001, 'Thursday', '2017-10-12', '39'),
(287, 10001, 'Friday', '2017-10-13', '67'),
(288, 10001, 'Saturday', '2017-10-14', '94'),
(289, 10001, 'Sunday', '2017-10-15', '18'),
(290, 10001, 'Monday', '2017-10-16', '59'),
(291, 10001, 'Tuesday', '2017-10-17', '67'),
(292, 10001, 'Wednesday', '2017-10-18', '10'),
(293, 10001, 'Thursday', '2017-10-19', '38'),
(294, 10001, 'Friday', '2017-10-20', '70'),
(295, 10001, 'Saturday', '2017-10-21', '98'),
(296, 10001, 'Sunday', '2017-10-22', '16'),
(297, 10001, 'Monday', '2017-10-23', '40'),
(298, 10001, 'Tuesday', '2017-10-24', '64'),
(299, 10001, 'Wednesday', '2017-10-25', '12'),
(300, 10001, 'Thursday', '2017-10-26', '46'),
(301, 10001, 'Friday', '2017-10-27', '81'),
(302, 10001, 'Saturday', '2017-10-28', '98'),
(303, 10001, 'Sunday', '2017-10-29', '9'),
(304, 10001, 'Monday', '2017-10-30', '37'),
(305, 10001, 'Tuesday', '2017-10-31', '69'),
(306, 10001, 'Wednesday', '2017-11-01', '18'),
(307, 10001, 'Thursday', '2017-11-02', '57'),
(308, 10001, 'Friday', '2017-11-03', '86'),
(309, 10001, 'Saturday', '2017-11-04', '99'),
(310, 10001, 'Sunday', '2017-11-05', '14'),
(311, 10001, 'Monday', '2017-11-06', '29'),
(312, 10001, 'Tuesday', '2017-11-07', '47'),
(313, 10001, 'Wednesday', '2017-11-08', '13'),
(314, 10001, 'Thursday', '2017-11-09', '37'),
(315, 10001, 'Friday', '2017-11-10', '66'),
(316, 10001, 'Saturday', '2017-11-11', '87'),
(317, 10001, 'Sunday', '2017-11-12', '14'),
(318, 10001, 'Monday', '2017-11-13', '26'),
(319, 10001, 'Tuesday', '2017-11-14', '50'),
(320, 10001, 'Wednesday', '2017-11-15', '12'),
(321, 10001, 'Thursday', '2017-11-16', '39'),
(322, 10001, 'Friday', '2017-11-17', '70'),
(323, 10001, 'Saturday', '2017-11-18', '91'),
(324, 10001, 'Sunday', '2017-11-19', '8'),
(325, 10001, 'Monday', '2017-11-20', '22'),
(326, 10001, 'Tuesday', '2017-11-21', '37'),
(327, 10001, 'Wednesday', '2017-11-22', '10'),
(328, 10001, 'Thursday', '2017-11-23', '34'),
(329, 10001, 'Friday', '2017-11-24', '63'),
(330, 10001, 'Saturday', '2017-11-25', '88'),
(331, 10001, 'Sunday', '2017-11-26', '19'),
(332, 10001, 'Monday', '2017-11-27', '32'),
(333, 10001, 'Tuesday', '2017-11-28', '59'),
(334, 10001, 'Wednesday', '2017-11-29', '17'),
(335, 10001, 'Thursday', '2017-11-30', '36'),
(336, 10001, 'Friday', '2017-12-01', '71'),
(337, 10001, 'Saturday', '2017-12-02', '84'),
(338, 10001, 'Sunday', '2017-12-03', '21'),
(339, 10001, 'Monday', '2017-12-04', '49'),
(340, 10001, 'Tuesday', '2017-12-05', '76'),
(341, 10001, 'Wednesday', '2017-12-06', '11'),
(342, 10001, 'Thursday', '2017-12-07', '37'),
(343, 10001, 'Friday', '2017-12-08', '72'),
(344, 10001, 'Saturday', '2017-12-09', '96'),
(345, 10001, 'Sunday', '2017-12-10', '14'),
(346, 10001, 'Monday', '2017-12-11', '38'),
(347, 10001, 'Tuesday', '2017-12-12', '61'),
(348, 10001, 'Wednesday', '2017-12-13', '19'),
(349, 10001, 'Thursday', '2017-12-14', '38'),
(350, 10001, 'Friday', '2017-12-15', '68'),
(351, 10001, 'Saturday', '2017-12-16', '82'),
(352, 10001, 'Sunday', '2017-12-17', '21'),
(353, 10001, 'Saturday', '2016-12-31', '78'),
(354, 10002, 'Sunday', '2017-01-01', '90'),
(355, 10002, 'Monday', '2017-01-02', '13'),
(356, 10002, 'Tuesday', '2017-01-03', '58'),
(357, 10002, 'Wednesday', '2017-01-04', '68'),
(358, 10002, 'Thursday', '2017-01-05', '19'),
(359, 10002, 'Friday', '2017-01-06', '40'),
(360, 10002, 'Saturday', '2017-01-07', '68'),
(361, 10002, 'Sunday', '2017-01-08', '89'),
(362, 10002, 'Monday', '2017-01-09', '17'),
(363, 10002, 'Tuesday', '2017-01-10', '39'),
(364, 10002, 'Wednesday', '2017-01-11', '64'),
(365, 10002, 'Thursday', '2017-01-12', '18'),
(366, 10002, 'Friday', '2017-01-13', '43'),
(367, 10002, 'Saturday', '2017-01-14', '84'),
(368, 10002, 'Sunday', '2017-01-15', '94'),
(369, 10002, 'Monday', '2017-01-16', '9'),
(370, 10002, 'Tuesday', '2017-01-17', '37'),
(371, 10002, 'Wednesday', '2017-01-18', '50'),
(372, 10002, 'Thursday', '2017-01-19', '26'),
(373, 10002, 'Friday', '2017-01-20', '51'),
(374, 10002, 'Saturday', '2017-01-21', '74'),
(375, 10002, 'Sunday', '2017-01-22', '89'),
(376, 10002, 'Monday', '2017-01-23', '7'),
(377, 10002, 'Tuesday', '2017-01-24', '54'),
(378, 10002, 'Wednesday', '2017-01-25', '43'),
(379, 10002, 'Thursday', '2017-01-26', '23'),
(380, 10002, 'Friday', '2017-01-27', '43'),
(381, 10002, 'Saturday', '2017-01-28', '71'),
(382, 10002, 'Sunday', '2017-01-29', '92'),
(383, 10002, 'Monday', '2017-01-30', '18'),
(384, 10002, 'Tuesday', '2017-01-31', '50'),
(385, 10002, 'Wednesday', '2017-02-01', '44'),
(386, 10002, 'Thursday', '2017-02-02', '10'),
(387, 10002, 'Friday', '2017-02-03', '50'),
(388, 10002, 'Saturday', '2017-02-04', '67'),
(389, 10002, 'Sunday', '2017-02-05', '97'),
(390, 10002, 'Monday', '2017-02-06', '14'),
(391, 10002, 'Tuesday', '2017-02-07', '61'),
(392, 10002, 'Wednesday', '2017-02-08', '73'),
(393, 10002, 'Thursday', '2017-02-09', '19'),
(394, 10002, 'Friday', '2017-02-10', '56'),
(395, 10002, 'Saturday', '2017-02-11', '71'),
(396, 10002, 'Sunday', '2017-02-12', '80'),
(397, 10002, 'Monday', '2017-02-13', '16'),
(398, 10002, 'Tuesday', '2017-02-14', '56'),
(399, 10002, 'Wednesday', '2017-02-15', '71'),
(400, 10002, 'Thursday', '2017-02-16', '25'),
(401, 10002, 'Friday', '2017-02-17', '57'),
(402, 10002, 'Saturday', '2017-02-18', '66'),
(403, 10002, 'Sunday', '2017-02-19', '87'),
(404, 10002, 'Monday', '2017-02-20', '19'),
(405, 10002, 'Tuesday', '2017-02-21', '37'),
(406, 10002, 'Wednesday', '2017-02-22', '50'),
(407, 10002, 'Thursday', '2017-02-23', '27'),
(408, 10002, 'Friday', '2017-02-24', '37'),
(409, 10002, 'Saturday', '2017-02-25', '56'),
(410, 10002, 'Sunday', '2017-02-26', '74'),
(411, 10002, 'Monday', '2017-02-27', '16'),
(412, 10002, 'Tuesday', '2017-02-28', '60'),
(413, 10002, 'Wednesday', '2017-03-01', '65'),
(414, 10002, 'Thursday', '2017-03-02', '27'),
(415, 10002, 'Friday', '2017-03-03', '47'),
(416, 10002, 'Saturday', '2017-03-04', '73'),
(417, 10002, 'Sunday', '2017-03-05', '92'),
(418, 10002, 'Monday', '2017-03-06', '19'),
(419, 10002, 'Tuesday', '2017-03-07', '57'),
(420, 10002, 'Wednesday', '2017-03-08', '54'),
(421, 10002, 'Thursday', '2017-03-09', '9'),
(422, 10002, 'Friday', '2017-03-10', '55'),
(423, 10002, 'Saturday', '2017-03-11', '72'),
(424, 10002, 'Sunday', '2017-03-12', '79'),
(425, 10002, 'Monday', '2017-03-13', '12'),
(426, 10002, 'Tuesday', '2017-03-14', '36'),
(427, 10002, 'Wednesday', '2017-03-15', '63'),
(428, 10002, 'Thursday', '2017-03-16', '11'),
(429, 10002, 'Friday', '2017-03-17', '46'),
(430, 10002, 'Saturday', '2017-03-18', '61'),
(431, 10002, 'Sunday', '2017-03-19', '73'),
(432, 10002, 'Monday', '2017-03-20', '14'),
(433, 10002, 'Tuesday', '2017-03-21', '61'),
(434, 10002, 'Wednesday', '2017-03-22', '54'),
(435, 10002, 'Thursday', '2017-03-23', '27'),
(436, 10002, 'Friday', '2017-03-24', '46'),
(437, 10002, 'Saturday', '2017-03-25', '80'),
(438, 10002, 'Sunday', '2017-03-26', '89'),
(439, 10002, 'Monday', '2017-03-27', '14'),
(440, 10002, 'Tuesday', '2017-03-28', '43'),
(441, 10002, 'Wednesday', '2017-03-29', '51'),
(442, 10002, 'Thursday', '2017-03-30', '13'),
(443, 10002, 'Friday', '2017-03-31', '42'),
(444, 10002, 'Saturday', '2017-04-01', '74'),
(445, 10002, 'Sunday', '2017-04-02', '90'),
(446, 10002, 'Monday', '2017-04-03', '9'),
(447, 10002, 'Tuesday', '2017-04-04', '59'),
(448, 10002, 'Wednesday', '2017-04-05', '47'),
(449, 10002, 'Thursday', '2017-04-06', '8'),
(450, 10002, 'Friday', '2017-04-07', '54'),
(451, 10002, 'Saturday', '2017-04-08', '72'),
(452, 10002, 'Sunday', '2017-04-09', '88'),
(453, 10002, 'Monday', '2017-04-10', '20'),
(454, 10002, 'Tuesday', '2017-04-11', '43'),
(455, 10002, 'Wednesday', '2017-04-12', '66'),
(456, 10002, 'Thursday', '2017-04-13', '10'),
(457, 10002, 'Friday', '2017-04-14', '50'),
(458, 10002, 'Saturday', '2017-04-15', '82'),
(459, 10002, 'Sunday', '2017-04-16', '76'),
(460, 10002, 'Monday', '2017-04-17', '20'),
(461, 10002, 'Tuesday', '2017-04-18', '43'),
(462, 10002, 'Wednesday', '2017-04-19', '56'),
(463, 10002, 'Thursday', '2017-04-20', '16'),
(464, 10002, 'Friday', '2017-04-21', '42'),
(465, 10002, 'Saturday', '2017-04-22', '67'),
(466, 10002, 'Sunday', '2017-04-23', '94'),
(467, 10002, 'Monday', '2017-04-24', '5'),
(468, 10002, 'Tuesday', '2017-04-25', '54'),
(469, 10002, 'Wednesday', '2017-04-26', '59'),
(470, 10002, 'Thursday', '2017-04-27', '9'),
(471, 10002, 'Friday', '2017-04-28', '58'),
(472, 10002, 'Saturday', '2017-04-29', '65'),
(473, 10002, 'Sunday', '2017-04-30', '88'),
(474, 10002, 'Monday', '2017-05-01', '19'),
(475, 10002, 'Tuesday', '2017-05-02', '60'),
(476, 10002, 'Wednesday', '2017-05-03', '52'),
(477, 10002, 'Thursday', '2017-05-04', '10'),
(478, 10002, 'Friday', '2017-05-05', '51'),
(479, 10002, 'Saturday', '2017-05-06', '65'),
(480, 10002, 'Sunday', '2017-05-07', '93'),
(481, 10002, 'Monday', '2017-05-08', '16'),
(482, 10002, 'Tuesday', '2017-05-09', '36'),
(483, 10002, 'Wednesday', '2017-05-10', '66'),
(484, 10002, 'Thursday', '2017-05-11', '12'),
(485, 10002, 'Friday', '2017-05-12', '36'),
(486, 10002, 'Saturday', '2017-05-13', '71'),
(487, 10002, 'Sunday', '2017-05-14', '95'),
(488, 10002, 'Monday', '2017-05-15', '16'),
(489, 10002, 'Tuesday', '2017-05-16', '56'),
(490, 10002, 'Wednesday', '2017-05-17', '55'),
(491, 10002, 'Thursday', '2017-05-18', '10'),
(492, 10002, 'Friday', '2017-05-19', '37'),
(493, 10002, 'Saturday', '2017-05-20', '78'),
(494, 10002, 'Sunday', '2017-05-21', '85'),
(495, 10002, 'Monday', '2017-05-22', '16'),
(496, 10002, 'Tuesday', '2017-05-23', '62'),
(497, 10002, 'Wednesday', '2017-05-24', '73'),
(498, 10002, 'Thursday', '2017-05-25', '27'),
(499, 10002, 'Friday', '2017-05-26', '49'),
(500, 10002, 'Saturday', '2017-05-27', '73'),
(501, 10002, 'Sunday', '2017-05-28', '84'),
(502, 10002, 'Monday', '2017-05-29', '14'),
(503, 10002, 'Tuesday', '2017-05-30', '46'),
(504, 10002, 'Wednesday', '2017-05-31', '54'),
(505, 10002, 'Thursday', '2017-06-01', '12'),
(506, 10002, 'Friday', '2017-06-02', '41'),
(507, 10002, 'Saturday', '2017-06-03', '85'),
(508, 10002, 'Sunday', '2017-06-04', '79'),
(509, 10002, 'Monday', '2017-06-05', '10'),
(510, 10002, 'Tuesday', '2017-06-06', '55'),
(511, 10002, 'Wednesday', '2017-06-07', '57'),
(512, 10002, 'Thursday', '2017-06-08', '16'),
(513, 10002, 'Friday', '2017-06-09', '58'),
(514, 10002, 'Saturday', '2017-06-10', '81'),
(515, 10002, 'Sunday', '2017-06-11', '79'),
(516, 10002, 'Monday', '2017-06-12', '19'),
(517, 10002, 'Tuesday', '2017-06-13', '53'),
(518, 10002, 'Wednesday', '2017-06-14', '56'),
(519, 10002, 'Thursday', '2017-06-15', '20'),
(520, 10002, 'Friday', '2017-06-16', '39'),
(521, 10002, 'Saturday', '2017-06-17', '69'),
(522, 10002, 'Sunday', '2017-06-18', '74'),
(523, 10002, 'Monday', '2017-06-19', '8'),
(524, 10002, 'Tuesday', '2017-06-20', '36'),
(525, 10002, 'Wednesday', '2017-06-21', '68'),
(526, 10002, 'Thursday', '2017-06-22', '26'),
(527, 10002, 'Friday', '2017-06-23', '39'),
(528, 10002, 'Saturday', '2017-06-24', '81'),
(529, 10002, 'Sunday', '2017-06-25', '93'),
(530, 10002, 'Monday', '2017-06-26', '14'),
(531, 10002, 'Tuesday', '2017-06-27', '60'),
(532, 10002, 'Wednesday', '2017-06-28', '59'),
(533, 10002, 'Thursday', '2017-06-29', '18'),
(534, 10002, 'Friday', '2017-06-30', '43'),
(535, 10002, 'Saturday', '2017-07-01', '73'),
(536, 10002, 'Sunday', '2017-07-02', '74'),
(537, 10002, 'Monday', '2017-07-03', '6'),
(538, 10002, 'Tuesday', '2017-07-04', '44'),
(539, 10002, 'Wednesday', '2017-07-05', '44'),
(540, 10002, 'Thursday', '2017-07-06', '19'),
(541, 10002, 'Friday', '2017-07-07', '46'),
(542, 10002, 'Saturday', '2017-07-08', '68'),
(543, 10002, 'Sunday', '2017-07-09', '74'),
(544, 10002, 'Monday', '2017-07-10', '20'),
(545, 10002, 'Tuesday', '2017-07-11', '55'),
(546, 10002, 'Wednesday', '2017-07-12', '61'),
(547, 10002, 'Thursday', '2017-07-13', '24'),
(548, 10002, 'Friday', '2017-07-14', '49'),
(549, 10002, 'Saturday', '2017-07-15', '66'),
(550, 10002, 'Sunday', '2017-07-16', '90'),
(551, 10002, 'Monday', '2017-07-17', '12'),
(552, 10002, 'Tuesday', '2017-07-18', '48'),
(553, 10002, 'Wednesday', '2017-07-19', '51'),
(554, 10002, 'Thursday', '2017-07-20', '10'),
(555, 10002, 'Friday', '2017-07-21', '52'),
(556, 10002, 'Saturday', '2017-07-22', '83'),
(557, 10002, 'Sunday', '2017-07-23', '97'),
(558, 10002, 'Monday', '2017-07-24', '18'),
(559, 10002, 'Tuesday', '2017-07-25', '60'),
(560, 10002, 'Wednesday', '2017-07-26', '67'),
(561, 10002, 'Thursday', '2017-07-27', '15'),
(562, 10002, 'Friday', '2017-07-28', '57'),
(563, 10002, 'Saturday', '2017-07-29', '76'),
(564, 10002, 'Sunday', '2017-07-30', '77'),
(565, 10002, 'Monday', '2017-07-31', '11'),
(566, 10002, 'Tuesday', '2017-08-01', '61'),
(567, 10002, 'Wednesday', '2017-08-02', '43'),
(568, 10002, 'Thursday', '2017-08-03', '16'),
(569, 10002, 'Friday', '2017-08-04', '51'),
(570, 10002, 'Saturday', '2017-08-05', '81'),
(571, 10002, 'Sunday', '2017-08-06', '88'),
(572, 10002, 'Monday', '2017-08-07', '9'),
(573, 10002, 'Tuesday', '2017-08-08', '57'),
(574, 10002, 'Wednesday', '2017-08-09', '50'),
(575, 10002, 'Thursday', '2017-08-10', '26'),
(576, 10002, 'Friday', '2017-08-11', '55'),
(577, 10002, 'Saturday', '2017-08-12', '84'),
(578, 10002, 'Sunday', '2017-08-13', '79'),
(579, 10002, 'Monday', '2017-08-14', '9'),
(580, 10002, 'Tuesday', '2017-08-15', '50'),
(581, 10002, 'Wednesday', '2017-08-16', '57'),
(582, 10002, 'Thursday', '2017-08-17', '24'),
(583, 10002, 'Friday', '2017-08-18', '40'),
(584, 10002, 'Saturday', '2017-08-19', '59'),
(585, 10002, 'Sunday', '2017-08-20', '72'),
(586, 10002, 'Monday', '2017-08-21', '9'),
(587, 10002, 'Tuesday', '2017-08-22', '48'),
(588, 10002, 'Wednesday', '2017-08-23', '49'),
(589, 10002, 'Thursday', '2017-08-24', '21'),
(590, 10002, 'Friday', '2017-08-25', '40'),
(591, 10002, 'Saturday', '2017-08-26', '73'),
(592, 10002, 'Sunday', '2017-08-27', '80'),
(593, 10002, 'Monday', '2017-08-28', '11'),
(594, 10002, 'Tuesday', '2017-08-29', '62'),
(595, 10002, 'Wednesday', '2017-08-30', '45'),
(596, 10002, 'Thursday', '2017-08-31', '19'),
(597, 10002, 'Friday', '2017-09-01', '37'),
(598, 10002, 'Saturday', '2017-09-02', '77'),
(599, 10002, 'Sunday', '2017-09-03', '95'),
(600, 10002, 'Monday', '2017-09-04', '11'),
(601, 10002, 'Tuesday', '2017-09-05', '39'),
(602, 10002, 'Wednesday', '2017-09-06', '72'),
(603, 10002, 'Thursday', '2017-09-07', '13'),
(604, 10002, 'Friday', '2017-09-08', '47'),
(605, 10002, 'Saturday', '2017-09-09', '65'),
(606, 10002, 'Sunday', '2017-09-10', '85'),
(607, 10002, 'Monday', '2017-09-11', '20'),
(608, 10002, 'Tuesday', '2017-09-12', '40'),
(609, 10002, 'Wednesday', '2017-09-13', '72'),
(610, 10002, 'Thursday', '2017-09-14', '12'),
(611, 10002, 'Friday', '2017-09-15', '40'),
(612, 10002, 'Saturday', '2017-09-16', '81'),
(613, 10002, 'Sunday', '2017-09-17', '91'),
(614, 10002, 'Monday', '2017-09-18', '15'),
(615, 10002, 'Tuesday', '2017-09-19', '35'),
(616, 10002, 'Wednesday', '2017-09-20', '48'),
(617, 10002, 'Thursday', '2017-09-21', '19'),
(618, 10002, 'Friday', '2017-09-22', '39'),
(619, 10002, 'Saturday', '2017-09-23', '85'),
(620, 10002, 'Sunday', '2017-09-24', '83'),
(621, 10002, 'Monday', '2017-09-25', '14'),
(622, 10002, 'Tuesday', '2017-09-26', '42'),
(623, 10002, 'Wednesday', '2017-09-27', '49'),
(624, 10002, 'Thursday', '2017-09-28', '14'),
(625, 10002, 'Friday', '2017-09-29', '38'),
(626, 10002, 'Saturday', '2017-09-30', '76'),
(627, 10002, 'Sunday', '2017-10-01', '84'),
(628, 10002, 'Monday', '2017-10-02', '15'),
(629, 10002, 'Tuesday', '2017-10-03', '59'),
(630, 10002, 'Wednesday', '2017-10-04', '72'),
(631, 10002, 'Thursday', '2017-10-05', '22'),
(632, 10002, 'Friday', '2017-10-06', '49'),
(633, 10002, 'Saturday', '2017-10-07', '67'),
(634, 10002, 'Sunday', '2017-10-08', '79'),
(635, 10002, 'Monday', '2017-10-09', '5'),
(636, 10002, 'Tuesday', '2017-10-10', '42'),
(637, 10002, 'Wednesday', '2017-10-11', '46'),
(638, 10002, 'Thursday', '2017-10-12', '9'),
(639, 10002, 'Friday', '2017-10-13', '53'),
(640, 10002, 'Saturday', '2017-10-14', '81'),
(641, 10002, 'Sunday', '2017-10-15', '94'),
(642, 10002, 'Monday', '2017-10-16', '9'),
(643, 10002, 'Tuesday', '2017-10-17', '45'),
(644, 10002, 'Wednesday', '2017-10-18', '74'),
(645, 10002, 'Thursday', '2017-10-19', '19'),
(646, 10002, 'Friday', '2017-10-20', '40'),
(647, 10002, 'Saturday', '2017-10-21', '66'),
(648, 10002, 'Sunday', '2017-10-22', '80'),
(649, 10002, 'Monday', '2017-10-23', '6'),
(650, 10002, 'Tuesday', '2017-10-24', '51'),
(651, 10002, 'Wednesday', '2017-10-25', '58'),
(652, 10002, 'Thursday', '2017-10-26', '15'),
(653, 10002, 'Friday', '2017-10-27', '53'),
(654, 10002, 'Saturday', '2017-10-28', '65'),
(655, 10002, 'Sunday', '2017-10-29', '92'),
(656, 10002, 'Monday', '2017-10-30', '14'),
(657, 10002, 'Tuesday', '2017-10-31', '39'),
(658, 10002, 'Wednesday', '2017-11-01', '75'),
(659, 10002, 'Thursday', '2017-11-02', '15'),
(660, 10002, 'Friday', '2017-11-03', '58'),
(661, 10002, 'Saturday', '2017-11-04', '71'),
(662, 10002, 'Sunday', '2017-11-05', '97'),
(663, 10002, 'Monday', '2017-11-06', '10'),
(664, 10002, 'Tuesday', '2017-11-07', '38'),
(665, 10002, 'Wednesday', '2017-11-08', '76'),
(666, 10002, 'Thursday', '2017-11-09', '26'),
(667, 10002, 'Friday', '2017-11-10', '53'),
(668, 10002, 'Saturday', '2017-11-11', '79'),
(669, 10002, 'Sunday', '2017-11-12', '89'),
(670, 10002, 'Monday', '2017-11-13', '12'),
(671, 10002, 'Tuesday', '2017-11-14', '52'),
(672, 10002, 'Wednesday', '2017-11-15', '66'),
(673, 10002, 'Thursday', '2017-11-16', '13'),
(674, 10002, 'Friday', '2017-11-17', '54'),
(675, 10002, 'Saturday', '2017-11-18', '81'),
(676, 10002, 'Sunday', '2017-11-19', '95'),
(677, 10002, 'Monday', '2017-11-20', '15'),
(678, 10002, 'Tuesday', '2017-11-21', '44'),
(679, 10002, 'Wednesday', '2017-11-22', '53'),
(680, 10002, 'Thursday', '2017-11-23', '27'),
(681, 10002, 'Friday', '2017-11-24', '50'),
(682, 10002, 'Saturday', '2017-11-25', '73'),
(683, 10002, 'Sunday', '2017-11-26', '93'),
(684, 10002, 'Monday', '2017-11-27', '13'),
(685, 10002, 'Tuesday', '2017-11-28', '44'),
(686, 10002, 'Wednesday', '2017-11-29', '65'),
(687, 10002, 'Thursday', '2017-11-30', '14'),
(688, 10002, 'Friday', '2017-12-01', '58'),
(689, 10002, 'Saturday', '2017-12-02', '72'),
(690, 10002, 'Sunday', '2017-12-03', '72'),
(691, 10002, 'Monday', '2017-12-04', '5'),
(692, 10002, 'Tuesday', '2017-12-05', '56'),
(693, 10002, 'Wednesday', '2017-12-06', '56'),
(694, 10002, 'Thursday', '2017-12-07', '23'),
(695, 10002, 'Friday', '2017-12-08', '55'),
(696, 10002, 'Saturday', '2017-12-09', '75'),
(697, 10002, 'Sunday', '2017-12-10', '74'),
(698, 10002, 'Monday', '2017-12-11', '20'),
(699, 10002, 'Tuesday', '2017-12-12', '39'),
(700, 10002, 'Wednesday', '2017-12-13', '54'),
(701, 10002, 'Thursday', '2017-12-14', '11'),
(702, 10002, 'Friday', '2017-12-15', '39'),
(703, 10002, 'Saturday', '2017-12-16', '78'),
(704, 10002, 'Sunday', '2017-12-17', '96');

-- --------------------------------------------------------

--
-- Table structure for table `collection`
--

CREATE TABLE `collection` (
  `collection_date` timestamp NOT NULL DEFAULT CURRENT_TIMESTAMP ON UPDATE CURRENT_TIMESTAMP,
  `Level` varchar(64) NOT NULL,
  `count` varchar(64) NOT NULL
) ENGINE=InnoDB DEFAULT CHARSET=latin1;

--
-- Dumping data for table `collection`
--

INSERT INTO `collection` (`collection_date`, `Level`, `count`) VALUES
('2017-10-09 02:06:27', 'High', '35'),
('2017-10-09 02:08:54', 'Low', '5'),
('2017-10-09 02:06:20', 'Medium', '41');

-- --------------------------------------------------------

--
-- Table structure for table `collectiondata`
--

CREATE TABLE `collectiondata` (
  `entryid` int(6) NOT NULL,
  `binid` int(6) NOT NULL,
  `collectiondate` datetime NOT NULL,
  `zone` varchar(64) NOT NULL,
  `level` int(10) NOT NULL,
  `count` int(64) NOT NULL
) ENGINE=InnoDB DEFAULT CHARSET=latin1;

--
-- Dumping data for table `collectiondata`
--

INSERT INTO `collectiondata` (`entryid`, `binid`, `collectiondate`, `zone`, `level`, `count`) VALUES
(1, 10001, '2017-11-01 00:00:00', 'A', 78, 1),
(2, 10001, '2017-11-03 00:00:00', 'A', 62, 2);

-- --------------------------------------------------------

--
-- Table structure for table `dailydata`
--

CREATE TABLE `dailydata` (
  `entryid` int(8) NOT NULL,
  `binid` int(6) NOT NULL,
  `date` date NOT NULL,
  `day` varchar(64) NOT NULL,
  `fill` int(64) NOT NULL,
  `timestamp` timestamp NOT NULL DEFAULT CURRENT_TIMESTAMP ON UPDATE CURRENT_TIMESTAMP
) ENGINE=InnoDB DEFAULT CHARSET=latin1;

-- --------------------------------------------------------

--
-- Table structure for table `driver`
--

CREATE TABLE `driver` (
  `id` int(11) NOT NULL,
  `username` varchar(256) NOT NULL,
  `password` varchar(256) NOT NULL,
  `is_active` tinyint(4) NOT NULL,
  `latitude` varchar(50) NOT NULL,
  `longitude` varchar(50) NOT NULL,
  `last_update` timestamp NOT NULL DEFAULT CURRENT_TIMESTAMP ON UPDATE CURRENT_TIMESTAMP
) ENGINE=MyISAM DEFAULT CHARSET=latin1;

--
-- Dumping data for table `driver`
--

INSERT INTO `driver` (`id`, `username`, `password`, `is_active`, `latitude`, `longitude`, `last_update`) VALUES
(1, 'driver', '202CB962AC59075B964B07152D234B70', 1, '1.532258', '110.35746359999999', '2017-11-13 08:17:12'),
(4308573, 'Ibrahim5', '202CB962AC59075B964B07152D234B70', 1, '1.580169', '110.305984', '2017-10-15 14:31:43'),
(411111, 'Nama', '202CB962AC59075B964B07152D234B70', 1, '1.5330970834061348', '110.35711408225353', '2017-10-10 01:47:29');

-- --------------------------------------------------------

--
-- Table structure for table `efficiency`
--

CREATE TABLE `efficiency` (
  `entry_id` int(6) NOT NULL,
  `type` varchar(64) NOT NULL,
  `data` varchar(64) NOT NULL
) ENGINE=MyISAM DEFAULT CHARSET=latin1;

--
-- Dumping data for table `efficiency`
--

INSERT INTO `efficiency` (`entry_id`, `type`, `data`) VALUES
(101, 'efficiency', '78.65'),
(102, '', '21.35');

-- --------------------------------------------------------

--
-- Table structure for table `employees`
--

CREATE TABLE `employees` (
  `empid` int(8) NOT NULL,
  `firstname` varchar(64) NOT NULL,
  `lastname` varchar(64) NOT NULL,
  `email` varchar(64) NOT NULL,
  `phone` varchar(64) NOT NULL,
  `latitude` float(10,6) NOT NULL,
  `longitude` float(10,6) NOT NULL,
  `is_active` tinyint(4) NOT NULL
) ENGINE=InnoDB DEFAULT CHARSET=latin1;

--
-- Dumping data for table `employees`
--

INSERT INTO `employees` (`empid`, `firstname`, `lastname`, `email`, `phone`, `latitude`, `longitude`, `is_active`) VALUES
(1, 'Muhammad', 'Ibrahim', 'ibrahimnazeer93@gmail.com', '01126888013', 1.523811, 110.364426, 1),
(2, '', '', '', '', 0.000000, 0.000000, 0),
(3, '', '', '', '', 0.000000, 0.000000, 0),
(4, 'Muhammad', 'Ibrahim', 'ibrahimnazeer93@gmail.com', '1126888013', 0.000000, 0.000000, 0),
(5, '', '', '', '', 0.000000, 0.000000, 0),
(6, '', '', '', '', 0.000000, 0.000000, 0),
(7, '', '', '', '', 0.000000, 0.000000, 0),
(8, '', '', '', '', 0.000000, 0.000000, 0),
(9, '', '', '', '', 0.000000, 0.000000, 0),
(10, '', '', '', '', 0.000000, 0.000000, 0),
(11, '', '', '', '', 0.000000, 0.000000, 0),
(12, 'Muhammad', 'Ibrahim', 'ibrahimnazeer93@gmail.com', '1126888013', 0.000000, 0.000000, 0),
(13, '', '', '', '', 0.000000, 0.000000, 0),
(14, '', '', '', '', 0.000000, 0.000000, 0),
(15, '', '', '', '', 0.000000, 0.000000, 0),
(16, 'Muhammad', 'Ibrahim', 'ibrahimnazeer93@gmail.com', '1126888013', 0.000000, 0.000000, 0),
(17, 'Muhammad', 'Ibrahim', 'ibrahimnazeer93@gmail.com', '1126888013', 0.000000, 0.000000, 0),
(18, 'Muhammad', 'Ibrahim', 'ibrahimnazeer93@gmail.com', '1126888013', 0.000000, 0.000000, 0);

-- --------------------------------------------------------

--
-- Table structure for table `predicteddata`
--

CREATE TABLE `predicteddata` (
  `entryid` int(8) NOT NULL,
  `binid` int(6) NOT NULL,
  `date` date NOT NULL,
  `day` varchar(64) NOT NULL,
  `fill` int(64) NOT NULL,
  `timestamp` timestamp NOT NULL DEFAULT CURRENT_TIMESTAMP ON UPDATE CURRENT_TIMESTAMP
) ENGINE=InnoDB DEFAULT CHARSET=latin1;

--
-- Dumping data for table `predicteddata`
--

INSERT INTO `predicteddata` (`entryid`, `binid`, `date`, `day`, `fill`, `timestamp`) VALUES
(1647, 10001, '2017-10-26', '', 0, '2017-11-06 23:34:38'),
(1648, 10001, '2017-10-27', '', 0, '2017-11-06 23:34:38'),
(1649, 10001, '2017-10-28', '', 0, '2017-11-06 23:34:38'),
(1650, 10001, '2017-10-29', '', 0, '2017-11-06 23:34:38'),
(1651, 10001, '2017-10-30', '', 0, '2017-11-06 23:34:38'),
(1652, 10001, '2017-10-31', '', 0, '2017-11-06 23:34:38'),
(1653, 10001, '2017-11-01', '', 0, '2017-11-06 23:34:38'),
(1654, 10001, '2017-11-02', '', 0, '2017-11-06 23:34:38'),
(1655, 10001, '2017-11-03', '', 64, '2017-11-09 07:33:46'),
(1656, 10001, '2017-11-04', '', 74, '2017-11-09 07:33:51'),
(1657, 10001, '2017-11-05', '', 85, '2017-11-09 07:33:55'),
(1658, 10001, '2017-11-06', '', 53, '2017-11-09 07:34:00'),
(1659, 10001, '2017-11-07', '', 0, '2017-11-06 23:34:38'),
(1660, 10001, '2017-11-08', '', 0, '2017-11-06 23:34:38'),
(1661, 10001, '2017-11-09', '', 0, '2017-11-06 23:34:38'),
(1662, 10002, '2017-10-26', '', 0, '2017-11-06 23:34:38'),
(1663, 10002, '2017-10-27', '', 0, '2017-11-06 23:34:38'),
(1664, 10002, '2017-10-28', '', 0, '2017-11-06 23:34:38'),
(1665, 10002, '2017-10-29', '', 0, '2017-11-06 23:34:38'),
(1666, 10002, '2017-10-30', '', 0, '2017-11-06 23:34:38'),
(1667, 10002, '2017-10-31', '', 0, '2017-11-06 23:34:38'),
(1668, 10002, '2017-11-01', '', 0, '2017-11-06 23:34:38'),
(1669, 10002, '2017-11-02', '', 0, '2017-11-06 23:34:38'),
(1670, 10002, '2017-11-03', '', 0, '2017-11-06 23:34:38'),
(1671, 10002, '2017-11-04', '', 0, '2017-11-06 23:34:38'),
(1672, 10002, '2017-11-05', '', 0, '2017-11-06 23:34:38'),
(1673, 10002, '2017-11-06', '', 0, '2017-11-06 23:34:38'),
(1674, 10002, '2017-11-07', '', 0, '2017-11-06 23:34:38'),
(1675, 10002, '2017-11-08', '', 0, '2017-11-06 23:34:38'),
(1676, 10002, '2017-11-09', '', 0, '2017-11-06 23:34:38'),
(1677, 10001, '2017-10-26', '', 0, '2017-11-06 23:34:38'),
(1678, 10001, '2017-10-27', '', 0, '2017-11-06 23:34:38'),
(1679, 10001, '2017-10-28', '', 0, '2017-11-06 23:34:38'),
(1680, 10001, '2017-10-29', '', 0, '2017-11-06 23:34:38'),
(1681, 10001, '2017-10-30', '', 0, '2017-11-06 23:34:38'),
(1682, 10001, '2017-10-31', '', 0, '2017-11-06 23:34:38'),
(1683, 10001, '2017-11-01', '', 0, '2017-11-06 23:34:38'),
(1684, 10001, '2017-11-02', '', 0, '2017-11-06 23:34:38'),
(1685, 10001, '2017-11-03', '', 0, '2017-11-06 23:34:38'),
(1686, 10001, '2017-11-04', '', 0, '2017-11-06 23:34:38'),
(1687, 10001, '2017-11-05', '', 0, '2017-11-06 23:34:38'),
(1688, 10001, '2017-11-06', '', 0, '2017-11-06 23:34:38'),
(1689, 10001, '2017-11-07', '', 0, '2017-11-06 23:34:38'),
(1690, 10001, '2017-11-08', '', 0, '2017-11-06 23:34:38'),
(1691, 10001, '2017-11-09', '', 0, '2017-11-06 23:34:38'),
(1692, 10002, '2017-10-26', '', 0, '2017-11-06 23:34:38'),
(1693, 10002, '2017-10-27', '', 0, '2017-11-06 23:34:38'),
(1694, 10002, '2017-10-28', '', 0, '2017-11-06 23:34:38'),
(1695, 10002, '2017-10-29', '', 0, '2017-11-06 23:34:38'),
(1696, 10002, '2017-10-30', '', 0, '2017-11-06 23:34:38'),
(1697, 10002, '2017-10-31', '', 0, '2017-11-06 23:34:38'),
(1698, 10002, '2017-11-01', '', 0, '2017-11-06 23:34:38'),
(1699, 10002, '2017-11-02', '', 0, '2017-11-06 23:34:38'),
(1700, 10002, '2017-11-03', '', 0, '2017-11-06 23:34:38'),
(1701, 10002, '2017-11-04', '', 0, '2017-11-06 23:34:38'),
(1702, 10002, '2017-11-05', '', 0, '2017-11-06 23:34:38'),
(1703, 10002, '2017-11-06', '', 0, '2017-11-06 23:34:38'),
(1704, 10002, '2017-11-07', '', 0, '2017-11-06 23:34:38'),
(1705, 10002, '2017-11-08', '', 0, '2017-11-06 23:34:38'),
(1706, 10002, '2017-11-09', '', 0, '2017-11-06 23:34:38'),
(1707, 10002, '2017-11-14', 'Tuesday', 50, '2017-11-20 05:14:56'),
(1708, 10002, '2017-11-15', 'Wednesday', 54, '2017-11-20 05:14:56'),
(1709, 10002, '2017-11-16', 'Thursday', 20, '2017-11-20 05:14:56'),
(1710, 10002, '2017-11-17', 'Friday', 50, '2017-11-20 05:14:56'),
(1711, 10002, '2017-11-18', 'Saturday', 75, '2017-11-20 05:14:56'),
(1712, 10002, '2017-11-19', 'Sunday', 77, '2017-11-20 05:14:56'),
(1713, 10002, '2017-11-20', 'Monday', 15, '2017-11-20 05:14:56'),
(1714, 10002, '2017-11-21', 'Tuesday', 50, '2017-11-20 05:14:56'),
(1715, 10002, '2017-11-22', 'Wednesday', 54, '2017-11-20 05:14:56'),
(1716, 10002, '2017-11-23', 'Thursday', 20, '2017-11-20 05:14:56'),
(1717, 10002, '2017-11-24', 'Friday', 50, '2017-11-20 05:14:56'),
(1718, 10002, '2017-11-25', 'Saturday', 75, '2017-11-20 05:14:56'),
(1719, 10002, '2017-11-26', 'Sunday', 77, '2017-11-20 05:14:56'),
(1720, 10002, '2017-11-27', 'Monday', 15, '2017-11-20 05:14:56'),
(1721, 10002, '2017-11-28', 'Tuesday', 50, '2017-11-20 05:14:56'),
(1722, 10002, '2017-11-29', 'Wednesday', 54, '2017-11-20 05:14:56'),
(1723, 10002, '2017-11-30', 'Thursday', 20, '2017-11-20 05:14:56');

-- --------------------------------------------------------

--
-- Table structure for table `user`
--

CREATE TABLE `user` (
  `userid` int(10) NOT NULL,
  `username` varchar(64) NOT NULL,
  `email` varchar(64) NOT NULL,
  `profilepic` longblob NOT NULL,
  `hash` varchar(64) NOT NULL,
  `registration_date` timestamp NOT NULL DEFAULT CURRENT_TIMESTAMP ON UPDATE CURRENT_TIMESTAMP,
  `last_login` datetime NOT NULL,
  `empid` varchar(8) NOT NULL
) ENGINE=InnoDB DEFAULT CHARSET=latin1;

--
-- Dumping data for table `user`
--

INSERT INTO `user` (`userid`, `username`, `email`, `profilepic`, `hash`, `registration_date`, `last_login`, `empid`) VALUES
(1, 'ibra', 'ibrahimnazeer93@gmail.com', '', 'ibra', '2017-11-06 22:56:37', '0000-00-00 00:00:00', 'emp001');
INSERT INTO `user` (`userid`, `username`, `email`, `profilepic`, `hash`, `registration_date`, `last_login`, `empid`) VALUES
(2, 'ibra', 'ibrahimnazeer93@gmail.com', 0xffd8ffe000104a46494600010100000100010000ffe1006045786966000049492a0008000000020031010200070000002600000069870400010000002e00000000000000476f6f676c650000030000900700040000003032323002a00400010000005403000003a0040001000000e001000000000000ffdb0084000302020808080808080808080708080808080808080808080807080808070808070808080807070707070707070a0807070809090907070b0d0a080d07080908010304040605060a06060a0d0d080d080d080d080d0d0d080808080808080808080808080d08080808080808080808080808080808080808080808080808080808ffc000110801e0035403012200021101031101ffc4001e0001000105010101010000000000000000000201030405060708090affc400561000020102020409060b05040804060300000102030405110612213107081322324151526142627172819109141516238292a1a2b2c2334353b1d224c1d1f03463738393e1e2f11844a3b325355455e3f2176474ffc4001c0101000301010101010000000000000000000102030405060708ffc4003b110002010203050507020504030100000000010203110421310512415191133261718114224252a1b1c106d1152353e1f0163343927282f162ffda000c03010002110311003f00f8a24f3244099eaa3acb35619bdc5aa94bc0cb128e68906a6bda76231a769b37759baa94767a0c7a943316073f7160b235956c8ea9db3302b59e7d456c55a395af6261d6b5cb66f3aaad63b769817566883368e6e547de59e49f56c7bcde5c5aa30656bb81536185690a4946a7da3a1a524d66b9c9f61c5725bccac3afa74decdabb0ab26e75922bdbe261d96231a9e0fb0cd2093d7f8baf193bcd1fba5568e552de6d72f465e5c7b75bc99781fae3c0df0db638e5ac6e6cea27b172949b5ca53976497ea3f0b99de7043c32dee0b770b9b3aae2d496bd3ce5a9521e5466bca8a3a69d4b64fa9e1ed0d9b1c4ade8e52b753f75a35323616b707857172e32f65a416b19d392a77718ae5ade4f9d17de877a99ecf09e4744a373e0da9e1e7bb2c9a3a2854cc99aab5b93650a879f386e9f434310aa22600333b0a3316ea9e66596aa22d176673d58ef46cce7aea9ed38ce133422962563736559670af4e50f43ea7f68f40bca26a267ab4e5747caca2e9ceeb54ee7e097095a095b0cbeb9b1ae9a9dbd49436ae9463d19c7cd9c7566fc6473123f443e134e0414a14b1aa10e7412a57592debc9a92f4747eab3f3be7fe51c5523bacfd370389588a2a7c747e68e0717b1e4ea4a3d5bd7a0c13add2cb3d68a9f5c77faa72479938d99d8c000cc8375a29a452b6ad1a8b77466bb607bdda5dc6a454e2d38c96699f351e85c19e987272e42a3fa39f41bf265d9ed37a53b64524ae8f58a91d871da5186e69bc8ed27035b8b5b6b45e475b39ec780e2d6dab26611d769661d91c89c7356674c5e400062580000000000000000000000000000000000000056280280cc858547ba137f5597e3a3f5deea159fa29cffa4baa727a27d0cdd482d64baa3580dfd1d0abb96eb5acff00ddc8cca5c17e232dd675daf519a2a151fc2fa33178aa0b5a91ff00b2fdce501d947821c4ff00fa2aff0060bb1e06b157ff0091aff609f67abf24ba32bedb87fea43fed1fdce201df52e033167bac6bfb628e571ed1fad6b56546bc1d3ab1e945ef5e92b3a3382bca2d2f15634a788a555da9ce2ddaf64d376f43560d960781d5b8a91a54612a9565d18c77b3a7a9c09e2abff255fd9110a339abc62daf057153114a9bb4e714f93693fa9c303b2adc106271df655d7d430e7c1b5fadf695d7d465bd9eafcb2e8ca2c6507a5487fd97ee7320dcd4d13b98efb7aabfddcbfc0c49e11516fa735e98497f719ba738ea9f466d1ab4e5dd927ea8c104e74dade40a5ac6a0004000000000000000001200ccc3a8e6fb723b0a34da4b335181e1f92cd9bb954c8ed82b22d15c402dc9e68b658b97b94f112a88c78ec1ac01294b323265b9d429cb9524b92a841c976b2dcabb21ac486cca2b2965b5987ae465576902e5e954cde65ad621ac5358104f31ae5aab5322cf28c11732555cca188abaea2bf1a17172e4eaf5761495c1895ae56d31e55b31722e6cf97286ab9602e4dcf752641933746c812444ac59249522e2480063ce06355866f71b2463ce04ea0d657b73577568ce8b93ccc5b8a22c43399af473316769e06fee6d3de61d4a1d654ccd0bb5d8cc6f8b3da6ee54f7ec315dab4f6ee2083514f352cd3c99bac3b1bcf64f63ef76962e28e46bab51f02103b3847c4a6473587e2b283c9e6e3fc8e8a8578c9669a69917074fc1ff0008575865d52bbb3ab2a75694b66abe6b8f94a5de8aea67eb8715ce35f69a416ea1294696234a2b96a0de5aff00eb2977a3f94fc6c940dde8569b5c61f714eead6a4a9d6a524e328eb26fcdf50de9d4b64f4fb1e46d0d9f1c546eb29f07cfc19fbf74e79333adee4f9a78a9f1acb7d20b78d3a8e34b12a514aad1cf2e5357f794bd7eef927d0b4a6ce8942e7c04954c34f765934ce8a9d42e1aba1726c21338250b1ef50aea6896b1168a946caa366cc4b981a0bb86d3a3a88d26254f2da775179d8f0b170cee70fc24e84d2c46c6eacab454a9d7a52a6f35d725b1c7ce3f0e3844d0bab875f5cd9d64d54b7ab5212cfadc1e4a47ef3d667e6afc267c13aa3754315a70e65c7d157696c5512e6cbeb28fde745785e37e47a9b0f13b951d27a4beebf7b9f0ed6a3af1945ee6b23cf6bd1d5935d8f23d0795393d26b6ca7acb74bf34761e2d557ccfb991a6001c850158cb228003daf83bd33e5e9f2737f4d0597ad1ef1d74e9ec3e6fc3b109529c6a41e528bcd33deb46748e173494e3b24ba71eec8eca73be4cce51e272ba5f85e699e5b794b29347bf63761ad17d6cf20d27c2b55bed42a44883399001c8cd400080002ed0a2e4f249b6fa92cd805a075583f0677d5f2e4edea64f7392d55f88ed70be2df772db56a53a7da96737f851d70c256a9dd83fb7dcf36bed2c2d057a9522bd6efa2bb3c801f4861bc5aade3b6ad6a93f46ac51d7619c0d61d4f75ba935d737291e9c3636225ad97a9e055fd5581868e4fc9597d7f63e46a541c9e514dbec4b337163a177757653b7ad37e1097f81f6861980db535cca14a3e8a714ce828555d592f41e953d83f3cfa23c1adfad52ff006a97ab7f8563e38c3b800c56aeeb5947d76a275185f14ec4a7d3951a7e99397e53eaa8620d3ea2fc713f47b0ee86c1a0bbcdbfa1e3d5fd678b7dc8c57d6dd4f9c6cb89d55fde5e535ea425fa8e9f0fe27368bf6975564faf28a89ed3f2915f94bd27a10d93848fc17f3773c5abfa9f694ffe4b7924bec8f33b6e29f8545f39d697fbdffa0deda7170c1e0bfd194bc6736ceb7e501f29f89d11c06197c08f3a5b7368cb5ad2ea6b6cb820c2a1d1b3a0bd31ccdb52d09b18eeb6a0bd14a1fd247e51f129f289d2a8528e915d0e09e371353bf524fd599f430ab78e5951a4b2eca715fa0c98aa6b7462bd08d24b122dcb10354a2b448e773a8f593eace829d44bb02bc5d88e73e50f4155887822722969f37d4e8be3cbb17b887c7d76239c57efb4afc79f695ba23765cd9bdbac62304e72ca318f3a4fb231e79f9dda6f8fcaeaeee2e259b752a4a5b7a96b1f5870f1a5ff0017c3ab252caa56fa28acf6bd6e6cbf06b1f171f13b7eba728d25c16f35e2f4fa1fb07e89c13852a98996b27b917ffe5672eb2b1ea9c5be4962d6efb149ff0023edb77be8da7c45c5de596274ff00d9cff9c4fae3e3e7a3b0b2a0ff00f26781fad2ef1b1b7f4d7dcdf4af56fcd162a5f7a0d34af77f8165dd9f477b9f06935c59b1ab5d3d8d67ec353776d4de79c20fd318b2aee3c4b327b4a38a7c0e98ce6b46fa9afbcd1db6974a8517e9a713497bc185854db2b5a5ec8e5f94eac1cd3c3d39f7a2ba1e852c6e229f76a497ab3ce6f7803c3a7ba9ca0fcc9491cce23c592936f92af38f62928c8f6d48a9c92d9b8792b382fb1e9d3dbf8ea6f2aafc9e6bea7cbd8cf172bda79ba6e9d64ba93d57f88e031ad12b9b67956a3387a63b3de7dc3998d7987c2a2d59c2324f7a71cd647975761d37dc6d3ea8fa2c37eb0af1b2ad0525c5af75fd32fa1f0683dcf86fe0d6d2843e316f250a99f3e8c76acbbd1ee9e187c8d7a0e8cdc25af3e07e9983c5c317495585d27c1e4d0001ce7703678461bacf37b2288e198639bcdec8aebed3a485351492592474423c596489ec5b1750cdf691cca4aa1bdcb939488e65895621cb1505ee54a4ab7618d3abef29ca8172e4e7990ccb52ac5b956d8017d486b188ea6eda57e34c032758c4949beb292b9f79892b9f1055b32e75fa872a604abb2dba843656e6756ba31e573d8633914ccab90b9912b823f182c6b14cca39105c95421ac5015de60aeb152205c1ef6cba5a65d3d03a500002c493045324002153ac982c818b5516ab6664d7642458a9875a26256a2ba91b371312a53652c0d45586f662346dab5b185529e46650c0af44d65cc0dc34635c53041a8af4f696e96212a7b56e5d4f7333ae296f34d8a679a8f69593b2076384e28aac7596c975c7b0cdeb38385670c9c7a8e8f09c6154593d925d5da5d208edf4174f6e30eb9a5776b5654ab5292945c5e5b232e8cbbd13f5f78aaf19fb7d21b459b8d3bfa514abd1cf7cbbf0f34fc5d723a9e0c384fbbc26f28de59d4942a53945b59ec9af2a1523e54670e6266f09db27a7d8f23696cf8e26175df5a3e7e07efa53aa6c6dae4f14e2f3c3edb63f610baa124ab4528dc51cf9d4ea7f4cf9dab23d6695736942e8fcfd6fd09b8bd565637f0995302dab996aa1c528d8f6a9d65357123598952cd1b193312ef71ad376673575747297478df1a6e0d638b6097b6d9675634dd5a4d6fe5297d24547d6d5d5fac7b3620b6b34f72fa9f5ef47b492946de07954a6e9d4525aa77ff3d0fc0ab8a4e0e519269c6528b5e744d463d494a9e7d6b6a3dc78db7077f26e3b77462b2a3393af4bfd9ce59a3c7274f34d76a3e7eac2cdc4fd5a9545520a4b8ab9c202e57a7936bb1b5ee2d9e68000001b8d1bd249db54538ed5ba71ea944d38253b03e8ac2b13857a4aa41a716b6f791cd693e03ac99e73a25a5b3b59e6b6d3974e0f7347b4d9df53b8a6a74da69afaca5dd3b612de5e264d58f04c4ec1c24d751847a9e94e8d679bc8f33bbb470793309c6c594932c000c0b9ed5c0bf0576b7b4655eb39c9c2a6a3a69e4ba3197ea3dcf06d08b5b75952a14e3975eac73fb478a7165d2051ab5ede4f2d78c6a413eb71e97e93e8afbfd07de6caa74654632b2ded1be37b9f8d7ea6af8a862e74dce5d9b4a4a2bba935a752d6aa5b367b0a9299468fa0492d0f8abb7a9068a1322d124322a59128d5f61422d02b632237457e32629526e5774cb8de12f8f76184e247548b91ba67fc7d91f8eff9ccc2c8a65e3f71371ba677c78a4af9f6185aa3505c6e99bf1df02352f1989a857222e374bf1bd7d6caceed98f9022e374bdf1bf11f1b7fe5967231efafa34a9cea49ec841c9b7d5ab121c925765e34dc9a8ad6f6ea7cff00c6534ab95b8a76f17b28c75a5ebcbfe93c58d9e906312b8af52b4ba552729b5d99bdc6b0fcbf175dd6ab2a9cdfd387d0fe8cd9d84584c34282f8639f8c9e727d4f4de001ff00f1187fb397e681f556b9f2c717b8678847c29547b7d303ea4e5175c97bcfaed8b38c6866fe267e5ffab28cea6356ea6ff96bc78b2aa7bf712d52d3bea6b7cd6c316a63d4a3d6dfa11ee3c4535f123e3e3b3ebbd20fa1b1453234571a614a3d4dfd935379c23a5d1a79f8b6734f68508fc47a74b61632a66a165e276891248f2dbde12abf93ab1f42ccd2de699dc4f7d597b361c92daf49689b3d2a7fa63132d5a47b3d4af18ae74a2bd2f235977a5d6d0cf3a89b5d4b69e1d7d8f259ba9572f5a6682f74fa8433ca4ea35d515cd7f58f3e7b6a5f0c4f6e8fe928dbdf93f4d0f71bce14a9acd53839f8c9e48e4348384faad3d6a91a50f0d9f88f18c47844a92fd9c54176ef91ccdddfcea3ce72727e2cf26aed3ad3e3d0fa7c27e9ec35159c73e6f3b9d469869bbad9c20dea37ce94b7c8e3cbf4ace4f727e933a8e0bde7ec4794d4a6eecfa8853505bb1591ac845bddbfc0dbe1b83e7b67b3b119d6f6ea2b25b3fbc94aa178d3b6a6b6b1914e496ed842559fb0b3ae46554dac58b8e6475cb32af910a95bb0a9172fcaa96f5fc4c7e558770082e4ae0b7cb7898fcb96ea5722e41933b8ed2ccae7c4c495420d8b917335dc664257062663328e4417275732db6473051c815d61ac5015b800022e00008b800022e00005c1ef6cba592ec4f4d1d28a80092c02600048114c926016e702d99042b53ccb1059916e70d85d21556cde19261548e7bcc1ad4f6b36328961c336664346a2a53316ac733655a8ed31ea448b999aaad4fabb4e7e9454e739752d88df6395f52126b6752cbbc6161f69ab4fc5ed666dddd8830271d86345b8bcd3c9a365714fef30aa53de6e4337785e36a79296c97f3364ea238883c9ec7965d66f70bc6359252e92fbc862e7b5f178e1f6eb00bfa7754252745b51b8a4df36a5294b6a71eff9705d68fda8e0db846b6c56ca85edacd4e8d58a7b1ed8cbae2fce8c8fe7f759b3ea7e235c6a2782df2b4b9a927865d4a11926f651a9d18cd7a7caec7a9da7452a9f0b3e776aeceed63da417beb5f147ec351af91b2b7b8cd1cf5addc6a42338352849294649e6a4a4b5a328b32e8d768da54ee7c4d39b83379ac59aecb14af13215eb982834ced73ba3438a7f339fbc9ed3a1c49ef396bc96d6cf5e1a1c32599f027c271a0fb2c7118acb9d2b6a8d2def2e521f869ccf81933f5d78e6e897c7700bc8a5ad3a118d7a6bad4a0f55bff86e67e4441efde78f8a5699f7db22aefd0dde4edf9397c5e9e5525e3b4c2371a47d28fabfde69cf1e5a9ec30002a4000000db601a4b56da5ad4dec7d28bdd2f49a904a76d01edb83697dbdd452cd42ae5b60fbde6f7ce7b4b74573daba8f348cb23a2c374e2bc128b7ca43b25bfed1d0aaa7de33dde4738d02e5c55ce4de5966f3cbb0b6731a1b6d18bf74ebd3927abcec9bf03daadf1ead0e8d49afad23c022cea6d3843ab1494a319e5d6f633a695694346d1c388c2c2b6728a795b33d8e969bdd47f7adfa769b0a1c25dcaeb8bf4c4f1ea3c262f2a93f648cda5c20d07bd497d5ccee58eaabe26794f63e1dffc68f60a3c2b56d89c60fd86e2cb84494f7d38fb19e2f69a6b6cff007997a5491d3e11a596af2fa7a6bc1cb23658fadf31cf2d89856b3a68f5ba3a539ae82cfc0ca86329acf57ef38ab2d22b76b355e97db89b9b4c52965fb5864fcf46cb6957f98e296c1c23f80de2c6177447188f6334eafa9f54e0fd0e2563791cfa51f7c4d3f89d6e663fe9dc27cafa9b79e2d15d4c8bc623d86aa55e3dabde23563db1f78fe275b98ff4ee13e57d4db7cb31ea44638c47b0d53af1ed87bc4af21d728ecf3a23f89d6e64ff00a7b09f2bea6de18c27e4b232c5b2f27ef34cafa9ad9ca53fb510f16a2b7d5a6bd338947b4eb7cc5d7e9ec27c8fa9ba78cf9a4162edee4bda73f53482dd6faf4d7fbc462dc69a5a456db8a497ad133fe2159fc46eb616157fc6754f177d91212c565bf62f61c655e136c17fe6a9bf4666255e1770f8afdbeb3f08c995f6eabf31aad8d865ff001a3bff0094e6fb17b0f3ae1bb4ae54aca5053e7577c9e5db4fca30eb70ef62b3cb9497d43c9b84ed3857d5a328294694239453eb7be52f69cf531b51c5ade675e1f64d084d4bb34acef7f15a1c5800f24fa33d1f8088677de8a337f8a07d075ae3dfe27c95a3da4156daa3a945eacdc5c33cb3e6cb7fe53617ba6f7d51f3ab54f42791d34ea38ab238ead0ed257cb43e8ebbc59453cda5e939bbfd33a316f5aac17d789e055ea56974a5379f6cf32cc70b978167524f444ac325ff00c3d72fb84cb75fbc72f447339fbce1421e4d393f193c91c4d3c27b65ee271c3a39edcfdacabde66ca8a37377c235579eac611cfda6a2e749ae27b1d497d5d9f94baad60ba97b4b8b62d8b67813badf1345046a3e2b396dc9bf165ea783b7bda46c7e35e925cba1b8917b18b4b095bde6cc98508c772fb8b5396639765ec9032dd42dfc6118f2a8535d1249912b945b9d7f031e5532eb2ccaec11733b9465895531be305b95c31717332558b752ecc2954cc8b9156c8b994ee8b3cbb2ceb0d628e6412d629ac4419ef02bac5002b7000045c0001170000400000000000000000003de8b8996d933d4474a259952055324b1200000000154ca91249805a9a20cbf28969ac9960599c0c592667331eaaeb21a06b2e21b771835266eae239e669eea3926fb358cec51a39cc67e92b53a7b1a5ce92fd267d686cd8606074b5dd4aafca96cf41b5ab15964cce0b8943595e8ec355386f3a0a94f7ed3555e19366b7219a592da5bdde06c271302bd3c9917b9568dce1b886b735ef5f79b36fb1e5e8ea39255327b1ed3a2c3ef54d64f7ade1ab129f03f50fe0e7e344eea8ac16f6a6771453f8a4e52db529773d68f93e66a3eb3ee86cfe7e743f4b6b585cd1bbb79b857a1384e0d3c9ec96b347ed97178e1b28e3b8650bda792aae2a35e9a7d0ab1debd5d6e89e9509efacf53e1f6be0bb29f6b05eebd7c19eb34ae89bba3572abb48bafe2753a68f022c9e215761ccded636d795f339fbfa9b4d23912ce6b4d70e55ed6e68bfded0ab0c9f9d0944fc4ed21c3b92ad5e96ee4eb5587d97aa7edf5c543f1d787ec1b90c6311a6bc9b89492cbf89f49fa8e0c52d19f53b0a5ef4e3e099e49a474f9b07976e6cd01d3e3ebe8fd1aa730785557bc7d6cb5000312800000000000000000002000371676b4e7b964fad67b8bf2c160f767ef34942bb8b4d6c68e8acaf54d6cd8d6f476c1c6595b339aa6f4734f2315e02ba9b2ccf02cbcafb8dc6b08b35ece3c8c3b492e2699e07e77bd16fe4b9adcf7766b1bec8a2891d9c49ed647393ad522fa725e89488fca353bf3fb523637d6a9e791a6944e59c7759d5096f23369df567baa4f679f22b52f6b477cea2cfcf918946ae4f3369522a51f07bb32611de5e2252dd7e0617ca957f8953edcbfc48fc72a77e5f6a45871c988c8aa352ff00c626f7c9fb6522dea37d7ef64731993640b8ad7c513563e3f71675c946b326d105df88f8fdc4e3651cb6b663f2afb4946bb26d1249d5a314baf33109d49e640ca440001983270f9652f61b1e57c11a8a33c9977e30cde1a137361ae4fe30cd672e39736b8b9b18dd65d851d6ec35df1861d522e2e6c55529cb9aee55f68e598b8b9b0e58b72b8460eb14237819ff001a2dcaecc3cca6b11bc417e75d94f8c32ceb0d62bbe0b8eab1cb96815de05758a66015b800022e00008b800022e00008000000000000000000000000000000001ef4c99064cf511d48000924aa6488154c024000004c0009149ee2a8344a0636b7514a91f0253a4554732c54c4af1396d31afab4f556fa8f5525f88ebeb47c33f038cbafa6bbcb7c282cf2f3e5ff003fe4632e443cf22f59d82a718c7b164fd62b5626757898ec8d0ab563027bf6989714734ccfad1decb6a19a6410686a5335f754f6e46e2b51c9e4615c53cc15357520d3c895bd77179aff00b95b88ed2d234333aab6b9d78e7b369f527111e304f08c4e36d5ea35637ad529a6f642b4b9b4aa7b65ab0979a9769f1ee1b77aafc19d35bd6c9a945e4d6ab8b5d52119383ba295a946bd374e5a356f5e67f40bf1a4d269a69acd35d71918d3b83e7fe25fc35ac5f07a5ca4b3bab54a8d7dbb5bd5e64bebb8cbec9eeb52b1ef45a92ba3f33a94a54a6e12d53b0b8af91a5bba9bccab8acd9abbda80a18771367e5471c8b2d5d20bddc94dc65f6a9afe83f542ea591f981c7757ff001eade34a93fce71627bbea7d0ec5ff007dff00e2cf9e311fd9cfd56722763897ece7ea9c71e156d4fb590001ce50000000000000000000000005ca359c5e6b796c164ec0e9acaf94fc25d68c88ff009672b4ab38bcd6f4745657919aec6b7aec3ba9d4de567afdce1a94ed9ad0ca001a981665134d88db6d37c63d7a2990d5f2348cacee730665856ea7ec237b6d93f0314e2ce12ff333bb29a3637f433db96efbcd71b4b6b8d65975adfe2615d50c9f83dc5ea2bfbc8a41dbdd65800185cd866001703319802e0000ab00004003300b260663300b5c15d61ac500b82bac50022e00005c00011700002e00008b800020000000000000026c00009b000000000a800000000000000000000007be4f69520c99ea23a800092400002a992204c000000ac4a9144800cc7ccc82d4e91644330b15ba54e9ce6f7456673ba2562d537396c9559393cfaa322f699d673e4add6fa93cdfa23d237aad7562a2b6462a29196b22ab535978baf2309c4dade53dfb0d7d58862461b31f572329a2d6a90ca1875a9ec3555a9e4f2376a2f3c8d75d51dbb0940d4dd2cf618338646d2b53de8c1baa64a28cc5375845de6b55ef5b51a52746a38bcd7532cc84ec7d69c47386296198cd3a739656b7bf415167cc53973a13f59ca3a9f591fabf3ab9af07b7347e0d60f88b8b855a6da9c24a516b7c65196b4647ecaf17ee1096278459dd279c9d2509aeca90e6cb5bf0cbeb1df859e5ba7caed9c3e6aaae393fc7e4f43ad53235d7354bd7353fca35f7350ee67cc58c6af5333f2eb8e65d6be3f77e62a71fc2e7fa8fd3cad23f26b8c4e33cbe3388544d64ebb8e7eac631fd270629fba9789f47b1617aadf28fdcf30c463f473f559c79d5e293ca9cbd191ca1e1d5d4faf9000181500000000000000000000000000005ca35dc5e6b632d8253074d677aa6bb1ade8c96ce6aca9cf3ce09b6bb11d0d1b4af2cb98a2b2df267ab4633a8b28bfc338a74ec4e2b7109ada64d1d1ea8f6caae5e1145c968ac3ae527e991e8470555f0334973353796b99a0ad4b26771f35e97637ed913f9b543b9f7c889ecbab2e5d4d63351384a35b2799b3a905389d4ad1aa3dc5ef9162ae8a52f15e86516cbac95b26bcc994e2f3e27112450ec6a686c1ee9493f130eb685cbc99a7e9591cb3d995e3c2fe4cdbb589cd03695f472ac7c9cfd5799815ada517934d3f1479d3a1523de8b34524cb400302400000000000000000000000000000000000000000000000000000000016b0000240000000043000054000000000000000000032a9e1751acd424d7a013664d8f7064c8c891e9a3a500012480000099148900000002444abdc00915866fd096650d6693626e8d0a93f2b5725eb4b984e881a4c0e2eb5d55afbe34fe8e0fa9f7a5fe7b4e96ba66bb45f0fe4a8c135ce973e5975ca46d2a6dde888acbea5628c0ad1dfe26bab236d7196c35f774f610c346b6a6e2c4a265d4898ee266665954bb4b15978195916a70cf6806a2ea93de6bee29bea3777547346b6e2916219a6ab1c8b665dc53d862ea973336b815cf91ed47e85fc1b7c22b70bcc3672d9071b8a49bef7d1d5ffdb87da3f38ede7aad35d5b4fa5389ae997c571db4967942e14a84b6ecca7cff00d26945eecefe870e3e9f69424b8a57e87eaf5796f35d712326e6b7de6bee247ae7c0246934bb17542dabd66f254a8d5a99f9d184a513f1eb48310e5abd7aaf6f2956a4de7e73d63f47b8e669e2b4c1aac14b2ab7728d08a4f6e5d36fec53d5fac7e6943b0f33132bb48fb0d8f4ad173e6edd3fb9abd22ad9412ed7f94e6cda63f5f5a79775646acf1aa3bb3de600066400000000000000000000000003a9d1ad1ecf29d44f2f251d587c3cebcf763eaf8245652515766bac3466a4d27d18beb674163a294e1b65ce7e3d137927d9b91596d3ecb0fb3a8d2e177cdfec724aa37a16a9c147624925d84a522918e652a35159b6978b67a59246015462550c3ab8dd25fbc8fb369872d2ca2bbcfd08e7789a51d64ba965093e06e54d943413d31a7d5193fb2887cf48f71fbccfdba82f8d0ece5c8e886468a9e99d3eecff00097a9e95517bdc97a512b1941fc6ba91d9c97036e0b16f8ad396594e2fc1b32725d47529c64b268a38b4447249ef59809e44dae133498d68dc649ba6929aea5d6716e3da7a82591c9e97617aad545ba4f9deb1f37b4f02addb4179afcfee76529f06734003e54ea0000000000000000000000000013600002c00009b000000000000017000045c0000b80001700004000000000000000176ded653794536fb11d4619a1cb64aabcfcc8bfd5b8bc60e5a1295ce76c30b9d4794537e3d48eb30cd18853c9cb9d3ecf251b38ca30494524bb11ea3c09716dc5f486b463636f256fe5ddd58b8d1847c27e54bcd8648eda7497a959d48525bd376479bf2be8287e9c68f7c14984c68d35757b753b9d5fa59527ab4dcbcc8e6b28fb01d3d91e2bdb9453d19f9de4c8326648fa500024905522891300000000000124449200a48e4f4873ad734682e8c7e927e1abd1fb8ea1d5514dc9ec5b73ec89cc68553752756e5ef9ca4a39f5448970455f23ab8c32cb2ea2cd48bdc64eb16ab3342c625789835e3b0d9558e462d7894619a9a94b6186a91b49c779ad6cab337918ea24e70cfac8c9932aca98d714cd6de5336d551897b448068ae21e06be68dd5789aead4f7f69628d18676dc196332a5756d562da952b8a6d35dde523ff51c4bde6cf476e356a27d8e2fecc895a99c95d35e16fa1fb936d7caa538545ba708c97ab25ac5bad53b0e73831c4394c36c27bf5ad6836ffddc4e63878e14a18561f5ae1b5cab8b8518bdf2ad2e6c5fd4e97d53dadeb2bf81f9ec69b954dc8fcd6fa9f1871dae12be378946d69cb5a8d9a70693d8eb4b7fe56cf9b2e2b6ac5cb7648cdc5710957a93ab379cea49cdb7d6e52392c72ff59eaae8c5ed7db23c4ab3cf78fd068525469a82e0beacd654a99b6def6f32001e732e0004000000000000000000000158c73252be40dde8d613ca4b392e6477f8b3b79c72d9d5d862e0f63c9c231cbd3eb15c431385359cdedeef5b3eef0946185a3ef64f56fc797a1c136e4f232358d7de63b4a9b69cb36baa3b4e5f13d259cf34b9b0ec5bdfa4d2b679d88dae965495fc5e9e88d2347e63a0c434ba6db50e62fbcd255b8949e6db6fc59681f3d571552af7a4fcb8743a5452d0000e52c0000000000c9a1884e1d1935e866302f19ca3dd6d7d086ae74367a6135d34a6bdcfde74165a474a7b33d593ea91e7c0f528ed3ad4f279af1fdcca54a2cf54eacf3f12c5cdaa9c5c7a9acb69c1d863d529e594b34bc97b57b8ea30ed2d84f28cf98fb7c93e8286d1a35bdd964f93d1f9184a9b5a1c65d5bb849c5ef4f22c9d4e97d82e6d45b56e6ff29cb1f278aa3d8d471e1aaf27a1d5196f2b8001c85c000000000000000004dc0001370000480000000000002ad8000200000000000000000000000001b9c3b46a73db2e647c573bec92937a03514e9b6f24b37e074186e88c9eda9cd5d9d66f6d2c29d15cd5ceeb93de4a955a95671a54612ab52a3d58d3a7194a527dd8c627546925aebc8b6495d92a142149651497f79b8d0dd12bdc4abc6dac2daadd579bcb569465251f5a5e4bf3e67d63c5d3e0cdc4b12d4b9c6252b0b27935413cee6a43b1f723e12f79fa5bc12f01b85e07423430eb5a746292529e5ad56a3eda951f3a4ced8c2daf43c2c56d6853bc69e6f9f05fb9f17f173f82f6953e4eef4827cb55594958d279524fb2b4bcbf557dc7df9a3fa3942d694285b52851a3059469d38a8c52f61b19158c0b9f255b1152bcaf377f0e08b53882eba2ca937393b37c8fc029bcc9102673a3f5e00154482a915000000000d500901159848a900e6b4defdc68ba71e9d57184576eb748dc61160a9d2843aa31cbd273d53e9ef975c28473dbb9d43ad2b1cddfd0a2d444938e68a22a99a1a18d5a3b77e659ad0336bee316ab7b8320d7d7a79666aa548dc49f69abb88ef332acc1712322fb2d320a159162e16c2fb650a9069ebd3d9b0d6d5a7bcdddcd0df91aca90f02510cd3548ed2cc7c0d8d5a462463b57a4b14b1fb25c0fde46960987ce72518c2c683949bc9251a31e71f0371a5e1b9e2d7d285393f895096a525d5371973a5f5cea3869e333178558e17675328ab2a11b9a89e5acd518e74e3e6bf28f92310c79cb351cd27d6f79b622ba4b751e260305d9c9d59aceeecbc399978be2d92d48bdbb9bec89ce80791296f33db6ee00054800000000000004d8000100000036ba3b6daf5a3d89eb7d9da6a8ccc3f12953d6d5d8dacb3ec3a284a31a8a53d13bf4cd7d4acaf6c8ec31cd238d3e6c5673ecea4713757329b7293cdbeb2dca4dbed6c89d38bc64f10f3eef08fe5f89118288001e71700000000000000000000000000000000ceb6c4e518b86f83de998201a4a729249bd08b00019920000000000000000000000000024000137000045c000100000000000000000000033ac7069d4da9651ef3dc4a570609b3c3b009d4dbd18f799bab5c2a9d259bca72ed7d44ee71d49ec3a234b996b73326c308a74b6ef977a42ef165ba3b5bdc91eb5c047141c7748a7176d6f2a368dad6bcb852a74f57bd15fbcfab91fa73c5dfe0edc1704d4af5e0b11c42394b96af15a909ffaaa7d14bd28ed8c2cb9781e662768d2a192777c97e4fcf9e2f7c41b1bc79c2b5583c3f0f6d375ebc5aa9387faaa5d2fe67e9df17ee2698268f534edade35af32ca7775d29d56fcccf6538f844f75a3494525149452c924b2497a096f34565a1f2789c755afabb2f9564bfbf994722b1888c0bf4e906ec70462e45a8d22fd3a25c8c09b32723ba1452cd90e4c1175d1423334bc0fe7dc9902611fa2204a244922492a0000000001209099249294b231311bd54e9cea3dd18e65f96e399d359eb2a36eb63ab3db975538f788964882e681d93549d4927af564e6dfadd1fbce95b2146dd4528ad892c925e6c49ea8592b10958a82b0ea284b248d55b0c599955116271248663d6a66aaa477ec36b5a2cd7568ed28d10f435d3de58664558ed659994b99912929e451b2ac8059aa6b2e296fda6de7b8c4a9100d256a46b6b5366eee29ed66bee28b5e82c8ab46a6727d7f7910c1c0d940002800000000000001600640120000ab00004000000000000000000000000000000000000007adf03dc5731dc766a186e1d5eac1e59d7941d3b749f94ead4e6bcf2fdde67d5ba33f030e3f56117717d616b27b5c39f5b57eb41acfdc01f9ee0fd1cc43e050c6631ce9e2d61525dde4aac3f14a4793694fc151a5f6ce7a96942e6316f276f711729af08c9417de01f1e03bed3fe02318c2e528e2186de5aeaf4a55284f935fef545d1fc67020000000000000000000000000000000000000000000000000000000000cbb5c3673da96cef3dc4a4de80c432ed70d94f72c976bdc6752b58437f39f896ee313ea5bbc0dd52e2fa13633685852a7b5f3df8ee2e5c639b363f61daf039c5bf19c7eaaa787d9d4a90cf9d5e4a50a10f17525cd7ecfb8fd28e2ebf052e1d63a9738d4d62174b297c5d671b583ec6b7d5f6e674a85fc11c35f1d4a82b379fcab37ebc8fcece04b8b2639a435231b0b4a9c8e694ee6a6b42de11ef394b6cfea1fa5fc5cfe0bdc2b0be4ee7147f295ec7296a496adad39f994fcbfadb7c4fb3b04c0a85b538d1b7a54e8d28aca30a71508a5e0919ae46e925a753e6313b4aa55c93b2e4bf2cc6b0c3e9d28469d28469d38aca3084546315d892d85f625b4aea173c62302708158c4bb12ad9a4237d4ac6917944b5ae46558cf3675a94625e94cb33aa59733c1f870e39782e071946a5757374b75bdbb5379f9f2e8c4ba895de954768a3dca53654fcaec7be15dc5a55aa3b7b6b5a7435be8e12a6ea4947ce9e7b59535cb9aff3d0d7f8562397f9d4f950990267323f454092224912495000000002248481491202dc727817d3ddd6adbe14be8e9bfcdf77f3375a4d88f254272eb6b562bb6522de8b61aa950827d2973a4fadca5ce28f37fe7a10d5cdbeaa0016240000063d47b5fa4bee5b8c6ab32c4321556c30e71365335d35b0308d6dc51dbb0c3aad9b4ba82fb8d6553265196264814285432c6af6990599e64831674fb4d4dcd1dfd46f254f3cd987714b637e1bc9071a003ce3200000000000048162a91500150449116094000030000400000003e88e2edc1768a626a14715c6af30abd9cb576d0a53b57dd6aab5f47f5d807cee0fd6bd1df819b06b8846ad1d20baaf424b38ce8c2d65192f5a3ac8ddc7e049c1ff00fbc622ff00dddbff004807e3c83f6321f028e0a9a6f16c45e4d66b52df6aeef44e9705f81b74669e7cb57c42be7bb3aca9e5f62201f89c0fd99e16b8a4f06fa2b6bcbe2546539b4dd3a356eaa56af5a59791493cd47c72d53f27385cd27b2bbc42bd7c3aca36162e595bdbc64e4e34e2b5632a8e5be73e9cbd6eb049c48001000001d8f061c15e218c5d42cb0db5ab757337d0a6b6463bb5ea4ba34e31dbce97fc8fd54e2b1f046dad9ba579a435237b7316a71b2a7fe8d09765697eff0057baf99e08fcdee2bbc656f345b13862169954834a9dcd09746bdb3973a2fbb359eb425e4cb54fde2e2ebc68f09d25b585c58578f2daa9d6b59b4ae28cfad4e1bdaf3a3d84127a9e0f8352b7a70a3429c2951824a14e9c546114bba919e01240212796d7bb7fa08d5aca29b6d28a4db6de4925d6d9f969f0847c251972d8268fd5cdbd6a7798841ee5b632a56cfc7caa9d5fca01c8fc29fc76e37b525a3b86cd4ad284b3bfb88b4d56acb750a6ff00874974fbd2965e46cfcd52f57aee4dca4db949b6db79b6df5b2c920005cb7a59b4b7664a5705b06c9e14bb47c95e77dc6bd8c8cbb589ad06cbe48f3bee21f243ed447652e44f691e6600333e4a9fa7d0cb4eca7dd7ee2bb8d702dbc8b00aca250a1600000000000000000000000006db0ed1ba953ab563de64a4de84d8d49b2c3b47ea54dcb28f7a5b8eaf0ed1ca74f26d6bcb7e723692a892ec3a6347e62dba6af0cd14a70db2e7cbc777d931f18ae92ecf047b4703dc5b719c766a3616951d26f2771514a9d18c7bce52dbf63247dffc057c15d86da3857c627f285c4727c8ace36d17d8d6fa9edf79d4a2a2b91c55b1b4e9e99be4bf27e5f7047c5bb19c7eac61875955a906f275e49c284176cea4b9afd99ed3f4938bbfc13787d96a5c63557e3f70b297c5e3cdb684bb25d757db9c4fbdf47b456ded29468db51a7428c5651a74a0a114bd08d9ba442b2d0f0ebe2aad5d325c96beaf5fb1a1c03462ded29468db51a7428c128c614e0a11497a0d8665dae621b2ccf9da99326e44722452258c2e4a28a91cc6b0249eb14732c5c578c62e52928c22b37293d58a5dadb3e72e19b8f9e0b84a9d3a553e3f771d9c9d07cc8bf3ea747ec848de9c2751da28fa4e7532daf624782f0d3c74305c194a32aeaeae966950b792973fb273e8c4fce7e1bb8f5e338bb9538d5f8a59b6f2a36edd3ce3e7d4e933e71af7729b6e4db6de6dc9ef22e97f991f4187d91296755d972e3fd8fa77875e3ff8c62bad4a8cfe23672cd72741b8b92f3ea74a47cb588decea49ca72739379b6de6d98f717b186d9349789a0bdd2a5b5423f5999ca7ccfa3a587a7455a0bf737f1b22a70d3c6eabfde4bde50cbb446d747b513204cba3a1024889324900000040ac402a45cb6fb0910ab5124e4f72526df9a4a072ba4951d6b8a36eba2be96a2fcbf77f33ac54f67a0e4f43693a92ad732d8ea4b287ab1ee9d637b4ac3357213be654a66245092c5532a44aa60097516ae3fb8bb2990ab3d88ba2a58316aee32a2f618b5679ed2ac235f772359567b4dbd7a5d66aae36199465b21d64d90eb2854992444ac4905ad435f8ac7284df6236b4fa8d663bb294c3d03d0e240079e640000000000ac4a158824a8001008b244412800006000080000000003d4f81fe3338de05523530dbfaf452df45cdce849763a52e6a8fa323ee5e0b7e1a8bba7a90c630ca55e39652ad673e4aa3f1e4e7ad4fef3f31c007ed0631f0ce68fc29a951b1c42b547be9e54e9a8bf5e6d291f36f0c7f0c76317719d2c2ad28e1f4e49c7969be5abe52eb59f329cbd56cfcf1001d0699e9dde6215a5717d735aeabcb7d4ad37397b33e8fb0e7c0000000000001d368270877b85dcd3bcb0b9ab6d7349e70a94a4e2fd592dd3879b3597b8e64007e97f019f0cb5e50d5a38ed9c6ee0b28fc66d72a557d69d397365e94fd87d178ffc30fa2d4e8a9d185fdc5671cf915479269f775e6d433f69f88a003ecce353f0986338fb9db59ca786616f35c8d29e55ab41eccabd58eff569bd5f13e34949b79bdefaca0000000000000cc02d70494df6935752ef3f79680de22c6442fe6bad97e18d4faf27e94600277d91ba8db471ccfa504fd056571424f6c5c0d402dda3e257717036bf24465fb39a7e0cc69e1735d59aed5b4c48cb237f825cca49e6f3d5dcd9a4376795b3224dc55cd25c5bb8bc9e5ec2d19b8ad65296cead99f698461256791a2770002a4805ca345c9e514db7d48dee1da1d3964e7cc4fdb22f18b9680e7e313758768ad49ed6b5576bdff64eb2c707a74fa2967de7d232e9cdc9a842329cdbc9462b36e5e6c627446867992ec95d9adc3f01a74d67966fbd236156be5fcb23e90e05788563d8c6a549d2f93ed2593e5ae535392ed852e93f7b3ef9e043e0fac0f09d4ab569bc42f2393e5ae79d18cfb614fa2bd891daa9a5fb713cbc46d4a34b28bbbf0d1799f9b7c0c7145c771c945db5a4a8db371d6b9b952852d5f354b9efeab47e82f011f069611876a56c41bc4ae964f2a8b2b784bcda7d7f58fafec6c2304a318c6104b646294525e091b2a74b222524b43c578baf5f5768f25918583e054a84234e8d3852a714928538a8c52f423631814d6213ae91cf9b0b761a971b21524634ae0b33aecd1419cb53131e04abb2c073286e958f2a72de7729ac48e574eb84fc3f0ca4eadf5dd1b78a59e539ad77e118749fb8f8c3862f850e8d3d7a383db72b359a57370b99b3ae14ff00acb599bd1c2d4aced15ebc0fbaf17c6a8dbc1d5b8ab4e8d28ed73a92508af6b3e4fe19fe11fc2ac35a961f17885c24d29ace36e9fadd2a9f50fcdfe1438c062b8bd4954bdbcab51379aa7adab4e3e6a8c79b1f79e6f5ab794deceb6d94724b43e8b0db192ceabf447b9f0cdc7031ac6a528d6ba953b76f650a2e54a9a8fa23d2faf91e235abe6db6db7e268eff004a211d91e73f0e89a5b9c5aacfcd4fb0c9cefa9f474e953a6ad0563a5bec669c37b59f62da73f79a4f279a82d55de7d2302367b1e7bdf69156d96f32b9a1875aab6f3936dbeb65bc8c9ad4bb0c792336410c8a17322856c56c7ba9320c99d68e90899189224900000158942b100a9cf69b5fb851d48f4eab8d38fa246f659e791cad68f2f7a97916f16df66bcbc922592cbc8abf03a0c1ac953a5082d9944cceb23aeba8b8cbdac588b60021860260100916ebee2e2295373f412818f1dcfd2614faf333e1b99855fb08641855d679a35b73bf23655a6f366aeaef285596aa90455ed2854a132b128562011a66b74927952978eaa3654cd4e967ecbeb44acb4643d0e38007099800000000009800b12044022c55b28002400015000001edbc00f02d678caad4ea57ab46e69652d5828494e9cbcae71e247aef15cd2076f8cdaedc9556e8c967b25ca2d58fe633a97dd7636a4d6f2bacb43bcc5f8a342854709dcd5d8f63508ed461cb8ae50eab9abed8c3fc0faf74fb03e529a9a5ce86d6fb62799c99e476f5399f40b0b49fc27cfd73c575edd4baf46b43fa4d0e29c5aef61d09d2abe1b61f98fa78aa6596266b890f0549f03e31c6f829bfb7db3b79b5db4fe917e1396b8b4941e538ca2fb249a67df3281abc5745adebacab518545e728b368e2dfc48e596cf5f0b3e1307d4ba55c5c6d6ae72b772a13ec5cea7adea9e2fa59c0c5f5a66e54f95a6bcba5cefb51e97dc7642bc27a743cfa985a94f5597347040aca391437390006d702d18af732d5a14a751f5eaad8bd2f710ddb52526f246a81edda2dc596bd4d595cd58d28bdf0873a5f6ba07a9e8ff00f87dbe4dd3e566bcaa8f5bf0f40e6962211c8ed860ea4b3d0f936cb04ad53f674aa4f3ddab0933b1c3780bc4aaacf90d44ff892513ebeb7c3a9d34942118a5e4a59645e39658c7c11df1d9f1f89b3e6fc378af566b3ab7108e6b628c5bfcc74d85715fb68fed6b55a8fb16ac51ed5ac358e77899be27547094a3c0f37b0e2fd86c1bfa272f5e726919189e81e1b6542a5776d4d2a7072cf5759bd58f9c7a06b9e43c6631bd4b28515beb55cf67769f389a729ce4936f515210a707249687cc57977af394f249ca5296ac56496b774c60771c136824311bb56f3a92a717094b5a2937cdeae71efd383a92508eaddbd59f255aac68c25527dd8c5c9bd6c92bbc91c383ea78f143b6deeeeb7d98162e38a55b2dd775bec40f65ec5c4f25d4f965faab673f8df467cbe0fa46a7156a2b75dd4fb11ff0003535f8aecbc8ba5f5a0ff004994b64e257c3f5378fea6d9d276ed3e8ff099e080f64bee2cb78ba1568cdf673a1f98e5317e06f11a19b95bb925be506a48e39e0eb43bd07f7fb1ea52da983abdcab17eb6fbd8e1817ae2de506e324e2d6f4d64d164e3d0f53505d8d769349ec7bcb4094ec0036387e0352a6e8e4bbd2d88e9b0ed0d847273e7becea348d36c94ae7216b6139be6c5bf46e3a2c3f43373a92fab1fea3a5d451d8b24bb11daf06fc0b62b8bd454ec2cabd672df514251a51f4ce5cd7ec474428e7cc89ce14d5e6ec8e16dad29d35cd8a8e5d66cb03c26e2eeaaa36b46ad7acda4a9d2839cb5a52d5daa27e81f039f054be6d5c6eef3dcddadabcbd952b6f7f51fb0fb83834e0430bc229aa587d9d1a092cb5e304ea3f1737cef71d9b897f63c3c46d68472a6aef9f0f43f35b819f832716bed4ad89d48e1d6cf26e9e5af7325eaf429fd64fd27de9c0d713fc0f045176d691ab70b7dcdc2556ab7dab5b351faa7b9c2932ed3b725c92d0f06ae22be21e6f2e5a231e344c9a56c5e8d226d98b9dc53c3a59b1189594f22dbac8c7ab705145b379d58c1644ead731a7548366ab48749edad29bab755e95bd249b73ab350597867bce851b1e5ca729bb7d0da6b89f6ee4b7bea47c7fc2f7c24f8458ebd3b184b10aeb34a4b99414bd6e954fa9b4f877860e3cb8ee2dad095ccadad9bd946df5a9ad5f3a51e74bd88bb56d7fcf43b686cdad5b3b5973791fa7bc2cf1b5c0f0752571770ab5d2fd85bb55679f6371ce313e1fe193e13cc42e75a96174a36345e695597d257d5ef67d15f519f11de5e4e6db9c9ca52dadc9e799872acb3d9b599b92e1d4fa3c3ec9a54f39e6fe8751a55a75797d52556eae2a57aadbce5526db5adeb1cbdcdf461b64d2ccc8b3b7949f6232b17d17e56935ba4b9d17e719b6de67b718a8c6d1591c8dee9567b29c5bf166aab54a953a727976751916766de69ac9a7ab25d9233e567b4c6ed926ae8d8990e8e596c3671a7922cd75b0030b54c7ac64ca263d4201895cc391995b79893890c86441720548163dca7b4a9065d48e946c1150092400000524546f2418d89deaa709547ba31d6fb269f422d1f24eacb6ceb4b5dbed8f9258d369ebf256eba55671d6cb7a86b748e96d6828a515ba2b22b7bcbc915e25d28d152922c59140010000002b112288acf70063ae8b31aaee327abda62d5258306e379acac6d2e771abafbccd99b2d4ba8b64c815209958942b104118bc8d3695cb2a6976c8dc40d0697cb643c5c8a4fbac87a1cc000e233000000000000000001370000400000000003a1e0fefdd2beb4aab7c2e68c97a6338b39e33708adab569cbb27179fb4acb47e45e1de5e7f93f58a11d782d6daa50c9fd689e338d61ee955941f53d9ea9ecf86cbe8e1ea2fca705c2759e53a7532db28b4fea9e033eaa0ce240054d89e6002182709092cfc57611895241e7ba73c095a5e67251e46b77e0a2b3979d1f28f9d74d7829bbb29e53839c24f284e09c93ff03ecc215a8a9659a4f2ed3a29e2250f1470d6c242a66b27ccf9d3830e2fd2ab956bc4e307b63493c9b5feb3bbea9f40e0da3d46de0a14a118452cb28c723363bb2ea0e46752aca6f3e86b4a8429ab2ebc496b1140aa313a4142e6f469714d248424a9c3e92bb792a7179e5e754eec09b10dd8db024b6fb489049711f3271a0c55caee8d2cf653a29b8f64e5297e8d53e993e3ce1deeb5b14b9db9a5c925e1f454cedc2abcefe079b8e95a9db9bb7e4f3e3d23802b971c52dfce5517fe94a479b9d670618bc685fdbd59c9461072d6949e496b4251fd47d061a6a156127a2927d19f218ea4eb61aad38eb2a528af3945a47db32bccfb48bb96facf39afc34d925fe93476754736696e78c1d9c7f79297ab4f33ee9ed7a1ccfc663fa5718f823d6a59e64947d9e93c1311e3294b753a75a5d8db8c4e1b1ae1c6e6ab7aab562f76729339aa6dba697baae7a547f4757977e4923eabb8c52947a7529c72ed91cce37c2a59d04f5aa293ec5d7f58f936f34dae6a6fa8d7abb0c0a36556abcf294bce7bbed1e7cf6dcde5089eed0fd1b4534e736fcb89db70bbc20d2bfa9074a9460a19e7532e7cfd6ef1e794e9b6f24b37e075761a19d751e7e6c7fa8e8ad30f8412518a5e291e14d4eacb7e5ab3f40c3e1a3429aa70eea565c4e3b0fd12a92db2e6aeceb3a4c3f4769d359eae6fbcf69e81a07c14e2389d454ec6cebdc49bcbe8e0f523eb54e847d899f647047f05d5dd5d5ab8bdcc6de0f6ba1479f5757bb297457dc6f0a36cfea675b19468f79e7cb567c1d696d29b51845b949e518c639b6fcd8c4fa0f821e22b8f62fab3f8bfc4ad659375aeb383cbb630e94bde7e9ff055c54f03c1d47e2b654e559659d7acb95aadf6eb4b36bdb99eba9761b6ea3e7ebed99b76a4acb9f13e43e077e0dac170fd5a97bad88dc4727f4bcda29ffb2dd2facb33eadc0b4768dbc153b7a34e8d38ac9429c142297a228d8c299954e9894ac78dbd52b3bcdb65b8502ec6893d64883ac8caed9ba8423a97354a3996255cb2ea051225592d0c995c166a5c1c969c709f8761b4dd4bebca16f14b3caa548a97b23d2fb8f92b857f84fb0eb6d6a7865095dd459ae56afd1d24fb547a52f6666aa16ccac635ab3b4533edc955d99ee4b7b7b123c83854e36181610a4ae6f69ceb2fdc507cad4cfc7579a8fcb1e15f8ebe3d8b3946a5dca8517fb9b7fa2a7977735ce97b268f09babb949b7393936f36e4f36e437a28f5e86c793ceabf45a9f79f0bbf0a45d5552a784db46da1b52ad572a95b2ef6af463f71f1b69d70bf896253954bdbbaf5e6de7cea8f557ab1e847da70b2bb59beb7e0456bcbc176228e6cf7e8e0a8d1eec73e7c4c9a9592defde63cae1f93ef6665ae06def36d6d83a5919e6771a2a56329e59e66e2c307c8dc53b3d88cca568bac91630ecec766c4bd2cd950b74b6e64e0891624e0b4db06e4a6ae22b992d9552eaeec8d36b667a75dd9c6a27192ce325934facf2eaf62e85474679b4b6d36fcaa6672566412996ba9172a96e450830eac7798f2cbb0ca9ade63900c0a9bff00cf74c4abbcccae62c886416f32855942a41eec5d2cc8bc752370002490000008497fccaa351a4989aa34672cd6b659453eb9489bd910f2355834b96bbad5bc9a5f474fd3d06758a3bfc4d2e89616e9508c5e6a4d6b4b3ef4b9c8dd44ac565f508a946548b24900000000008acf7144567b8924b32dc6255326a18f54920c1afb99acac6cebee66b2b19333663cc8139902a5492251228944021139ed2ff23d32fd2748729a5b5b9f18f62cfed6d33a8fdd21e868400719980000000000000000000000000000000020003f5a347abeb50a32ea74e0ff0009cf709f1fa383f3f233f839b8d7b1b492da9d1a6f3faa61f09dfb187fb45f9647cf4b89f550d1791e6722856450a1d24915288a86095326cd369058dc545ab46aaa316b6cd435a7ade6eb730d5d3d0694a2956bab9aabad39eae7f64ba455b674d56fa9c3a53847c5ca28d65ee9a5ad3e9dc525e89c5fe5302cb837b483fd96bb7bdcdca59fda99b7a3a394165952a6b2ec847fa064556f1ad8f08d679a4aab6df6539ff414970856f9ec751fab4e7fd26fe36f15b925e825a8bb0adcd0e7a7a774de7a946e67976529646151d36b89bca1615978d59469a3aed5449f8217451a6f89c657c3f12b86e33ab4ada93dfc8294aa38f77949744e8305d1da56ebe8e3ce7aae7396d9ce5abd294bca365ac09722142cee55142512a50d08e47c47c25dd6bdfddc96dfa69476f9bccfd27db8d1f0be9b536af2eb3d9fda2b7feec8f4305de7e5f93c9da1dd8f9fe0d2000f54f08036565a3f567b545a5de96c46fad34322b2d7966fb16c468a0d9295ce4e9516de4936fb11b9b0d14a93e973578ef3b0b6b28535cd8acbc0f5de0c38afe398c35f12c3eb3a4f7d6ab1952a515de52a9b7ec23a63479959ce14fbecf13b0d16a70deb59f6b3694e2b2c97b91fa3dc14fc14cb38d4c62f73dcddbdaac97a2551edfb0ce138f8f15fb1c1a58755c3a87236d529ca8cf26db956a7294dce727be528ce1f64e8514b2471c31d4e53dc8f5d11f12d3b59336567846e7ef3a2b7c2d2ea33e168b7648b289e8367e8c7c1a58e42583dc5ae51556daeb59b514a4e9d68e74fd6fd9cf69f611f97dc41b8475658cab7a92d5a17d4dd1daf28aab1fa4a4dfd4d78fb4fd4046acf80da34b72bcb93cc9344a288a64b32a79eac5c8b2bca9aec5715a5460ea56ab4e9535be7526a115ed91f3cf097c7e74770ed68c6e7e3b5a39ae4ed56b2d68ef52a8f9a9fa4851b9d30552594133e9494cd563ba496f6b0752e6bd2a14d2cdcaace30597867bfd87e64f0a1f0a262571ad4f0ea14ace9ed4a6fe92b35e4bcdf3232f519f27e9af0b988e232752f2eebd79379b5526e5152f362b991f68ba5c4f5a96c9ad37efe4bebd0fd4fe14fe115c0ac35a16d29dfd759a4a9736967fed25b25f54f8db855f84931bbe7385ab858507b12a31fa56bc6a4b9cbef3e43a959679b97bd9873c4b37cd4e5fc8ab9f247b74765d1a7de577e3a1d4690e995d5dcdd4b9af52b4dbcf5a7373cf5bce96c3435eee2b7bccb32b7a937b5b4bb119f6fa3efb0cdb6cf5e30515648c0f8d49f4565e92fd3c3653df9fa0e82d7074b7236146c36109164686d3014b79b4b6c2b2cb246ce8daa45d8c4b0b18d4ecb2664c69950412562f2199400130453244e8096b1cde9ae03cb435e1fb6a7ce8f8f9a74426ffee183c9295c29453f634faa42a6e36da6583ba353948afa2aaf9dd91a9ffe435158c0a18ce45a65c65a00c2b830aa99f54c1aa032990081507ba245c20c99d28d5000124800120ac4e5348b2ad7346dd6d8c7e96a2f25f9a74d56a249b6f24966731a1b45ce75ae1ede52528c5f6c23cd8c8acb3cbfcb156759289289052d9988172c488956ca1500000000000911252dcc02cd64626665d6918f0eb2c578983706a6b9b6ad2799acbadf919b21a31644245d2db2850225122894400721a53fb55eaafcd23af38dd279e755f84628c6ae84335000394cc00000000000000000000000000001900000003f52b822ff00e5b63fff009e9fe527c26c7e822fcf8fe5917382ba5ab8759c5ef56f4d7dc63f09b2fa287fb45f9647cf4f57e67d4d3d17923ccb615288a94e0751289523124182aa45722249325000022c0000800000000000000138c8f883848a7ab7d74bfd749fda7adfde7dbf03e28e15e0d621759ac9f29fa6277e0fbcfcbf2793b43babcff07225db696528bea525fccb46cb47ae542e284e4b3842b529493dce319c6525ee3d747847baf07dc0e62b8aca30c3ec2e2e1bcb9f18354d7ad525ccff00d43ebae0abe0a3c46bead4c5aee9da5379674687d2d6cbd67f45197b0fd2be0fac6942cad391a74e94256d427ab4e118479d4a2f3ca291d0b67a3be785571952592765e1fb9f3f704dc47347b08d59d2b28dc5c4727cbdd7d34f5975c632ce313de6d2ca308a8c2318456e8c528a4bc12d88bce64794176cf2e524dde4f327a878171dbe0d9e2380dcea475ab5aff69a7b339650e9423ebf37ec9ef3cb18f7f4a352128496719c5c649f5c64b27fcc46e9dc95563169ad5667e1167ec2cf2dd799dd71a5e0ea58262f7568d6ad1739d4b67e4ca85597294beb42328c65e7b478bdc63dd87449a47d7d3929c54971ccedb08d2395bd5a75a12d5a94a71a9179ee69eb44fd82e04386fb5c5309b7bf75e9537a8a172a75231e4ebc1653d6d6ef6ca9f58fc399e2ed9769e93d68d374a356a2a4de72a71a925193ef4a3d02bbead99c18cc02c4db3b35c4fd8ce12f8f768f61bad1575f1caeb34a95aad7e72ea9547cd87b4f93f84ff8516feb6b53c36d6959c1ece52afd2d6cbd0b9b19fb51f07bba7d6f2f69853c4967b337e8237f92fc9951d934a9e72cdfd0f4ae10386cc4b139b95ededc5c67b756736a9af5611e6bf6d3381b8ad96d7b3d26b75ea49ecc92fbccaa581b96d7b7d2672937a9eb429c60ad1562cd6c553e8e727e05a8bad3ebd55e1bcdf5ae028dada614bb115b1a9cb5ae8f36f37b7c5b3716f8225d86fe95876ec2f46db279f51291363028e1fd88cca76c6564b7146cb125211d800000008006645b0082bac5488cc0245532898249261144ca8058c4f0f8d584a9cb74964794d5b79529ba53e9c1ecf3a3e4c8f60d6395d3ac075e0aad35f494b3dde553f2a24495d1567033fef2c972324d26b73da5b3120c2add5f58c3aa6656eafac61b7bc10cb600041ef0c99064cdd1ba000249284922841c4b0343a697ae1475174eb4942397579c6d709b0e4e9c60b2c9462b25def28e7e4f97be5fc3b78fe397fcceb73289dddfd0aa2bbca36533058b800104000000000024449200b75f7187d86657dc6249962acc3a92de6aae27b7da6d3b4d757e92f499912317a9969f517265a2850922a8a44a8048e171bfdacfd3fdc773aa7258adbd37524dcde7d68ce71ba2b2c91a306ca546877a4fd1ff00ea4756876ccc3b3f1463bde0cd78362b90f382543cf4373c513bde0cd703691a343bd24ffcf984256d4bbec767e288df46b819df118ff1115785bea698eca437d1800caa96128efcbd3998f92ffb15716b52c9dc8958c49c7c166cc9a586ce5d592f12541bd036918dc9f6e4bef1ac978fa4d943084ba524bdb9075a8c7625ade26bd9db5c8a6ff230a34e6f727ec5918c6d278e3ea8a46b24cce76e04c5be28a000c8b9faafc1cffa0daffb0a7fc8d7f09f2fa387ae65f0650d5b0b45bf2a14d67ec359c29d459515dae6ff0029f3d2d5f99f550d1792fb1e788a860a1d25512204c900260150493044665ae09029ac35802a06600000160000541381f17f0c906b13bacf7ebadfea44fb391f1a70d34dac4ee93dfaf07ffa713bf07de7e4793b43babcff00070e003d63c23fa4fe0334815c60d86564f353b2a1b7d58287e93b375cf87f8b271ccc0f0ed14c2237d7f4fe354ad9d3a96f493a95d4a339b5ad08ed8f35c4e4b846f857e9475a185e1b3a8f72ad753d48fad1a70cdfdb47ad18ab5cf8d746bd49b84568ed7e1d4fd09e533393d30e15f0dc3e2e77b7d6d6e96fe52ac35becae77dc7e407089c79749312d68cef9db5297eead63c8c72ecd659cf3f61e157f8bd6ad373ad56a55a9d73a9394e4feb48b371475d2d9351ffb8edf53f587842f84bb05b5d68d9c2b5f545b1492e4a96b7ad2db289f27f09bf098e3d76e50b4e42c28bdce8c794ad97854a9925f619f2255b8f1cbd2624ee3d2c8735c17e7ee7af4b66d182cd5df89d1698e9b5ddfd6e5ef6e2adcd67e5d59b94bd5ca596a1a1ad2f77896e509cbc117e9e08da59e6f3ed28ddcf523151565a18956f96e8e6fd08b7195497823796f81a3636f852ec2962d6399a1834a4f6e6fd26cedf02cbb0dfd2c3bd864c2d52ebf61290b1aca386a5b8cca764676aa5b812496a9dba45ecca026e48000b80001700028d900ab64730090000400000026488954c105492644aa6092489bdc40926483cb74bf0176f5735fb2acf5979b53ca89a491ebd8d60f1af49d396e6b64bad4bc991e455a8ca129426b29c1e525dbe7194958a98359ed5f58c2665d6deb3f38c4651946400052e0f7996d2440bb91d86e88825914d505b2293ff3998d7d78a9c2737ba316f6993281cbe9ad672e4ade3d2ab3e72f323ce911276455bb17f41acdaa4ea3e9d594a6f3dea3e4c4e84b342828c5456c8c564917894ac82c8000120000000000000024f71112dc48295373312464bdc5870259060b35b7bbfda6cea9adc423b4c99123027d840bf58b322a66224882260089e7f7f3ce72f599de27d7d8723f21d69c9ead1ab2cdbcb2a727fdc6534de8bf26752518779a5e797dcd483a8b6e0cf109f42d2bbcf765066d69701f8bcb75857fb2bfc4aaa155e907d19c4f1b875ad482ff00d97ee7040f43ff00f81718ff00edf5fecaff0012c54e047175bec2bfd85fe23d9eafc92e8c8f6ec37f561ff68fee7060eaee7830c461d2b3aeb2df9d366a2b6015e3d2a3563e9a725fa4a4a8d48e6e2fa3358e2294fbb38bf2927f93560ac91432d0e82e4326f6bf6ef33a9c68adedc9fa0d7463d477d8768dd1b6a3cb5d6d9c97329f5b36832ad5ce7be3b18acd452d9b0d554c426fca7ecd85bb8a89b6d24937b12ea2d09546f42b1828800181a0000000001faabc1d7fa0da7fb0a7f94d270a92db47d13fd26e3831a0a361671de950a6b37ea9a4e1565cea3e89fe93e7a7abf33eaa9e8bcbf070689102654e9049112b120120006800010000000001705758a910996b8240661020aa3e3ae1dbff009a5d7a697fec533ec85b8f8ef87a5962b7597fa9ff00d8a676e13bcfc8f2f1f9c1799e7a003d63c13b7d0e5f42f6f972d9f5626e27516ecce73416ddcdd45b766afea3b6a18225bcf429bf74d2268258bae5153516e5259eb33610b39cb76cf0458b9b24af682ea74e6ff39d7ab6cbab2275bf99639ca3823d86c68e151ccdd52b45bcb91825d45ac4d8d6c6cfb1196acba8ca04dc92cd3b648bbaa836501057586b140402598cc880492044004b319910012cca6b14000cc000000000022d82090219924c1054000b154ca91249820926548124c924bb1670fc21e8eb9479782ce505cf4bca8fff008ced5324e9a6b2cb9af7a61ab9567814a5ed46233a5d2dd1fe42b3497d1cb59c3c3cd39caa60f228cb40033b03de922645923ad1b8004bc09243392c13e9ee6ad6df0a6b938763ef4a26e74a312e46de73f2b2ca3977a5d12de89619c9508aeb973a5eb488d5dbd7f629c4dabcd2c8a8983465c000a000000000000000096e01ee64812dc61761995b71873fef2418f5cd5de6ff00b26caa4cd7de6f3365646beb6f2d972b4b696a250cca922249004611cde5d59e5b0fadf037154e928eaaca9c376af7627c895e59464d6c6a3268d2db708f790cb2aaf25d477e131cb0adb6af7fa1f2fb7764cb68c6118cf76cfa9f74d1bf6bd066c7177fe59f16619c3bde53cb3519e5db2a8bf51b98f196b9eba107f5e67b31dbb4be567c0cff0046621bff00713ea7d7f2c6a5916a78cbcbacf92bff001355ff00811ff8b2fe82dd4e32d73d5460bd339b2ffc769726517e8cc4fceba9f59cb139335b79594973b55fadabfa8f93af78c25e4d34a30867d79cd9cd5df0ab7b3df572cfb1184f6ec1e903b29fe8cabf155b795cfab31bd1ec3a6bfb453b66bd58297e13c0385cd1ac2a9a4ecaa4b9672db4a2f5e9b5e6f74f34bbd20af53a75672f4c8c28d66bada6f7b3c5c563e35d5b7179f13ec3676c69e0da7db4da5f0def17e77377865785bbd79a53acba10ea8cbbd3fe835d8ae2b52b4dcea4b5a4fdcbc23d86083c7bbb58fa80002a000000000000003f57f436965696eb7254a0b2faa735c2aefa3f5ff49d4689dec2a5ad09d29295374a0e0d6d4e3aa731c29473e47ebfe93e7a7abf33eaa9e8bcbf079f92289152a7480010098288a9200000000000008b000020024889244b2acbc8f9038c150d5c52bb4f3d654dbff8518fe93ebe82ccf94f8cad96ae23acbf794a0fecf33f49d7847eff00a1e76357f2fd4f24001ec9f3e777c162ce7563daa0ff0031e970b65d6cf2ae0b65fda5edcb3a72f6f3a27ae6a9df47ba6b1d0e574868eadddacba9b70fb4754729a6ab2a964fff00ec417de8eacb2d5f9fe0b228d912aca1724146ca9120800004800022e00005c02998cc0b950533198172a0a6b0d602e5414d629ac01228d91cc01619800120000124ca902408d0a8001249304492608269954c8124c924d5e92e06ae294a0f2525b60fb247895d519464e32d928ec699f4035bf2679d708da3d9fd3c16ed9512fcc5251be655a3cfb54a12c8a98943de66f32a45923a51b949156190ad5124dbea2c49cae92fd35c50a0b747567532eaf364756df565b32397d0c87292ad72ff007939287842275322b1e642cc848909441664800100140d9100aeb04ca00098000049110f7300553167b9b322a3cd64589c76120c191aec4379b3a999a8bb9ed666cac8c59b2cc89d41220cc89244494480635ecb993cfbb23813b7c6ea654a59767ea38839aaea56400063628002aa22cc1406452b4949e518b93ec4a4d9d4607c13e2772f2a16375533dd9519a5ef94722ea9c9e88a39c63ab38f07bde8df124d22b8cbfb1aa09fff00515614ff0096b9eb1a33f0665fcda7757d6f457951a709d497dae87dc6b1c3d47c0e79e2a943592fbfd8f8b01fa65a2ff068e134f2773737572fad26a92fc1cf3dab44b898e8e5ae5a986d2a928ee9d7ceabfc47547053e270cf6ad15a5d9f8e986e035abbd5a146a557d94e129bfc313d4b4478a4e90deb5c8e1770a2fcaa91e4e3f8f6fdc7ecd601a13696e94685b50a496497274a117ef8c4ea6ded8e98e062b5679d536d4be08f53f2b743be0b6c6ebeabbab8b4b44f7ace55a497a2391eefa17f050e190ca57b7d7370d74a14d46941fb7a67dd54adfc0cea56bff63aa185a71e0797576ae226f276f23f3cb8e9715ad1ec0346eb55b4b38c2f2556852a35ea4e552aeb3a9172d594b6fec948fcc93f553e171d258c70bc3ad2335af3bee56514d67a90a35a3ce8faf28fb8fcab3c6c5d954b2e47d4ecc94e5437a6f3de7d0000e23d53eb7e26fc34a8bf92ee6792966ed6527e57954bdbe47aa7d0fc296ea5edfd27e65d9deca9ce3520dc670929424b638ca2f59389f6ff0007fc31c315b0a2aa497c728736bc3ca7cde6ce3e6ccf33134adef23dbc1d7def725a9b47005c922191e71ec142a91548a9200000000000000000218000200c892081620bb199f3271a78ff006ca1dbf1659ffc5a87d38ea249b7924966dbee9f1df0e3a6d1bdbd72a6be8e8c7918bef6aca5294bedca475e162dcefc2c79d8d6953b71b9e76003d83e78e8f40ee356ea9f8b71fb8f6afe47cf986dc6a5484b3cb5649e7d87d014ab6b4534fa4a2d65dd3b283e0691396d3ac92b79f546bc24752b726731c24bcadb3ec9c1afb474d6fd15e889af165d150017648644ac8a100142a464c101b28002400000000000000000000000000000000000004c00091520992046854260024902299200a39b2cdd52524e2f6c65b1f897f54c74ded599640f2cc4f406b2a925059c33e6bf02a7a83a60a6e22961379922dc4b85cd8a48e734cf1071a1a8bf6955ea24ba4747d6727565cbdea8f916d1cdfaefcaf79127c3d08674385d82a54e14d79318acfb4cb9147d45645ad624a000800000116ca000000004915288a8004b7012dc016ea22d4a45cac4244f02a604a5b4d55ef48d8cfb4c3badefd0518918153616a7d45eac59286609a204c02d56c26a575c8d184aa559ec8c22b372974f9a6d707e2bd8e56cb56c2aa4fca9b8c52fb4cf43e2c76bad8cdb3dfaaaa4bf0ca1fa8fbf692ccde9d18cf3678b8dc64a8cf752e07e7be0dc45b19a99729f17a29f5caa6b35f562777837c1e351e5f18c422975aa54db7f88fb5a34df61990a59ff0081d4b0f05c0f227b42abd323e61c0b880e134ff6d5ee6bbebdaa0bf09e8f80714ac0286595842a35d759b9bd6f69eb15ab462b39ca305d6e4d47f31a4c5384fc36df6d7beb5825db5a2ff297dc823075ebcb8b32b01e0e6c682ca8d9dbc12eca50cfed6a9d6d9daa4b24945762591e298cf1c5d1ea0bfd3395cbaa8c1cb3fac8e071af84570ca79f216b7159f53935045f7a28cfd9ebd47a33ebea169ef36346df3ea3f3c3483e129bc79ab6b3b7a5d929b751fd93ce348f8f563f5f3fedaa827d5420a9ff00329dbc4dff0085d67c8fd678c23059c9a8a5d72792fc46a319e14b0bb44e5717f69492dfad5a0dfba27e2f69370e5895cfed6faeaa37bf3ad38c7ecc6470d778bce6db949b7dadb6cca58b4b43aa9ec8cbdf91fb1ba49c7d3462d33fedaee24b72b7a72a89bf49e51a4df0ac61f4f35698757acd6e9559c2117f553d73f2f9d4647330962dbd0eb86c9a31777767dc3a59f0aa63557356b6f696aba9eacaac97b59e35a59c76b48ef3355713b88c5e7cca4e34a2bd571ccf02073cb1136774705463a451b9d23d2eb8bb96bdc56ab5e4b74aad49d47f8a469003864eeeecec4ad920002a48379a23a4f52cebc2b536f38be724f64a1e545fb0d1821abab325369dd1f75e8969453bca10af49a7192dabae32f2a3236d23e43e08384e961f5b29e6edaa35af1eebefc7c4fadacaf615611a94e4a509c54a2d6d4e323c5ad4bb37e07d361abaab1f1e25d001cb73b00000000000009b800020000aa2502a01acd2ad27a56742a57aad28c16c5d737e4c62592bbb22ada4aecf36e309c24fc5a8fc5694b2af596736b7c297fd7fa4f964dce966914eeebd4af533d69cb34bbaba97b8d31ee51a7b91b713e5f1157b49df868bc8000d8e607b96865ff296d4a5b3351d56bd596a44f0d3d4b828c433a752937b632d65eacbfcc8de8bf78bc75367c2253fec93edce0fecc8de5b57ce107db18983a634f3b6add9a8dfe12ee8e56d6a14a5d6e9a799d5f17a17e26c8005d96292285645080083264182000012000000000000000000000000000000000000000002a99400130453240805532801248b156593d85d4cb371d44905bd7f1284e5102e2e575f22a4592251731713be54e9ce6f728e7b4d26845938d37524b9f5a6e6d3ead6910d35b872e4ade3bea4f9dea47a5ac7474e8a82496c8c54525d842ce5e457893eb0c4032e680005480519523200a000000000922a522540025b8096e00b758b6a5bc9d72dbdc4f02a60d6359753cdbff3e51b4abd66b6e7794619ae9ff89164e452650cca2244624803b4e08784ca384ddabbaf4e7560a12828c3553d693cfcac8f54c63e10a6bfd1f0f4fc6b546bf2e67cb5a57556a4575eb7e9394cc9ed9c3247156c353a92de92ccfa631ae3eb8cd4cf928db514fb29ebc97d691c1e37c6ab1eaf9eb5fd5867d54f560bee3c8c184ab4df12161a92d228e8b14e10afabfed6eee6a67bd4ab546bddad91a295cc9ef6dbed6cb40cf7e5ccdd452c9225ae5358a15d526ecb14cca955125a82c086448baa8976148b6e96b18d18138d06657228c98c176175144d8c18dabcf2c8ca567fe7b0bf1de5ca92cb6bdc5d12686bc726fd2400384cc00080000003d8b811e187e29256f72dbb693e6c9bfd9397e93c74149c14d599ad3a8e9cb7a27e80d0aca7152835252da9a79a712bc99f21f07dc365d58254f656a0b7539be8faacf54c3b8d25ab5f4b6f560faf55c648f227869c74cd1efd3c65392cdd99ecc0f2a5c64b0ecbf7d9f6727ff5173ff11f86ecdb5bfe199f633e4cdfda29fcc8f510793cb8cae1f9f46b64b77377fe2250e32987bdeab25dbab9ff0070ec27c98f68a7f32ea7ab03cb23c6430eff005dff000c94b8c761bdb5bfe18ec67c98ede9fccba9ea20f2effc47e1bb36d6ff0086567c63f0dea759ff00bb23b19f264f6f4fe65d4f5027189e532e321877faefb1ff002316fb8cdd9457329d7a8fb32512ca8cf9321e229af89753d76eaee14e329ce4a308ace4dbc9289f23f0cbc273bfafab06d5b526d41779f7e453848e1a6e3105c9e4a8dba79ea45e6e5ebcbacf383d0a14373de96a78f8ac5769eec74fb8001da798000003ade0db12d4b9516f25516afa65e49c917ec6e9c2719c5e528c934fd05a2ecee0f73d27a7fd9ab2ebe467f94c7d0dff0045a3ea2332bc956a0f576a9d3cd3f3651359c1fd6ceda1e0e51fb277bef27e06c6fc1568a17658a48a126448008c89140411055a280900000000000000000000000000000000000000000000004932200260a2654100854dc4cacf7201989ac500054bca4435bfee499aad25bf54a8d49f95ab945795ad2e616bf13534b823e5eeead7f229ae4e0fc97deff3e275ddbd46a34530de4e84135ce973e4fb6523702392fa908a289424c89372c000400464488b00a000000000944a9189200124449200856dc635532e4632eb24ab30aa6f66b2e37e46ceb6f355739e7ed3364b35eca569ecccbb5cb757710ccca53913214c9a20839bd2b974578c8e73237fa592db0f433430309ea66f529aa57200ad88190009057208a1540170ac48a248d11745c2e512d97689258b86418e6400563bd11c425941f8ec117b4c7c5a5b12fb889774866ac007199800000000000000000000000000000000000000000000000000000000007b2f06d88f296ca2f36e9bd47e11f27f010e0da5fd9e5ebcff0099caf0598aead6749e79545b3d689d570771ca1561965ab56476c1df77d51aa3ab688b45d20d1b962051a2450824882ad14000001162990c8a802c53219150058a6a8d52a0023aa35490008ea8c89000802451c40b9400024000000000000000000124c88009823ac5253da082cd4de54bb4c020b68e53489f2d7342dfaa2f94a9e1abd1fbbf99d536926f3ca2b59b6fba72fa15175275ae5ed7394a31cfaa9c4896797f962e7529fdc542f006858a48a159142000000083264180000000000562488c4900092225620091866698f521b49b906055306ee3b4ceaa62dcc4a03575bacc6a9bbd865d731aac761433294cb912cd02f448441cae96f4e2bb11a246e34a27f49e8469cc25ab337a80002000000562509400265514454d4d1170bb465b0b45ea7fde092519666498d03240254f79aac42a6727d8b61b0d6cb3db9789a7a93cdb7daf333a8f81564400731400000000000000000000000000000000000000000000000000000000000b942e1c5a945b528bcd35d4cf56e0beff0094f8ccf76b548cb2fab23c94dc68de92d4b69eb41e717d38bdd289a5396ebb929d8f78232353a3fa554ae63cc794fae12de8dc347a09dcd4b6d112e6a946816201a2a50805354a644800441219004412c8a6a805015d51900500c80000000000050a34480234200ab450120000000000000000000000000100e674dafdc68b8476d4ace308af5ba46db09b054e9420974631468ab7d3dea5d285bacdf63a92fd50cfee3aaea263ab7e84c7984002c58a48a159140480002011689000802baa3540280aea95480091500004911240031fb4c82ceaef00c2b9306e25b0ccaf2da63d689520d4d72c4919573d48c5650cc124472240838ad2197d23f423586c31c97d2cbd391af307a99b000208000001588116017112891251353545c45da5b8b28bd4aa24b6b009d1ea320d77c757632d54bc93ebdfd851cd222e645f5d6f4bda60006127728ddc000a100000000000000000000000000000000000000000000000000000000000000005db7b8716a516d35b9c5e4cedb00e142a4328d65ca47bcba6bfa8e10178c9c74253b1ef98469350ae972734e4fc97b27f64d9b47ce74ea34f34da7da8e930ae10ee6964b5b948aea9edfbf79d2abdf52ea47b33445a38fc37852a13d9514a9bedde8e9ecb12a755674e7192dfcd66d1927a32f73272284c1624802590d5008825aa3540220aea8d520140572190053229aa4b228011c812190044068000a3454022c4013299017220aea8d502e5015c8a640900000000000000e5f412cdaa4eacba75a5afb3ce3a4d52dd2a6a29462b28a5924ba8ba4a5656256482001258a48a1228d005000000000000000000002a900122a000196733225b8c525030ea6f31ebad8cccab1da61d7dc55835958b1332ebef316a9446443200aa44107078bcbe927e9308c8bf973e5e931ce732000cc0053586b142b704cabc8b7982378179b445d52d81bcc9b939546c80051b200008b836da3f84aab269b6925d463e2986ca949c5fb1f6a3aed15b0d4a79be94f6fa2266621862ab1d596fea7e523ea23b314f0eb2b54d7cefa2672bab69781e6e0cdc4f0b95296ac97a1f53308f999c2507bb2567c8e94ee000509000000000000000000000000000000000000000000000000001b1c2706955792d896f93dc8ccc1b46253e74f9b0fbdfa0ece8508c128c56496ec8f7f05b36551efd4ca3cb8bfec6152aeee4b5392d22d1ed44a50e8a494bfa8e70f4fa9b534d269ef4ce4b1cd1970ce50db0ded75c7d269b436738ff003292cb8c7978a2b4ea5f2673a003e70e9000001728dc38bce2da7da9e45b001d0d869edd53fde392ec9f3bf99d1d870b0ff7b4feb41fe996c3cec1a29c97126ecf6ab2e10ad67b5d4d47d92591bdb5c429d45cc9c25eab8b3e78254eab5b5369f81aaaef916de3e8e9acbac81e1769a597305946b4d2ec6f3fcd99bbb1e156e63d250a9e9597e5c8d3b6896de47ac83cf2d785e5e5d179f6c646eadb84fb593c9b9c3c5c761a29c593bc8ea41856ba476f3e855a6fc35b2362d67b517c892d8c8964354124354a644f2280100d12c8a34402190243200882baa53200000000004580000b029915040b14c8a80058c76488b24591700024900000345322a00220900088240023915d52a00090000055209120487b8c532a5b8c524ab2cd459b311999565b4d7dddcc62b9d2515db264324c0ae624cc6bfd28a29ec96b3f3566692e74c97930f6c998efa465748e8b22b2a892cf6647135f492acbaf5579a8d7d6b9949e726dbf1666ea229bc52e25ce7e92de60185ca0cc0056e00008b800017000040000001d268ce8eebf3e7d15b9768c0b461c9a9d4d91ea4faceb924b6752ec3e9b67ecebff0032aacb847f2ce5a956d9223fdc0ac8a1f5470966f6ca3516ac9669f5f948e2b19c0a549f6c1ee91dde656b5ba96c964d3ea679b8bc14310b94be6fdfc0da151c7c8f2e074b8ce8938e72a7b63ddf291cdca27c5d7c3ce84b766bd783f23d08c94b42800394b000000000000000000000000000000000000005da341c9e4936fb11d1e17a20f63abb1775748eba185a95dda0b2e7c3a9494947534167612a8f28a6dff23aec1745631e74f9d25d5e4af49b6b7b68c364524bc11735cfaac2ecc851f7a79cbe8bc8e4956be84e52d85bcc03da399bb82a501241a4c6345d4f394328cbae3d4ce46e6d250794934fc4f492dd7b48cd65259a67878ad990abef43297d1f99d50ad6c99e660e9f12d0d6b6d279aeebe91cf5cd9ca0f29269f89f2f5f09528bf797aeaba9d719296859001c65c00000000000000000019d6b8e568746acd7a24cc104a76075d67c265cc72d670a8977a2b3fb51c8dfdaf0bf1c929d179f5b8c8f32068aa49712dbccf6ab2e116d67e5b87aeb237b42f2153a138cb2eeb8b3e782e53acd6d4da7e0f234559f144ef1f453450f15c3b4fae69ec55359764d6b1d0d870b52cfe92926bcc797e6355562f52dbc8f49712391cf58f0876b537cf51f64d6474142e21249c5a927b9c5e66c9a7a16b804e712390b1250640116053546a950011c81200110486401104b20018a488b244a2e00048000000000000000000b008aea9acbdd23a14f64eac53eccf59fe0049b22491c7dff0009d422f9919d4fc08e7ef7850acfa118c3c77b3375228a39a3d3db31ae319a505ceab0596fd694758f1abcd26af53352ab369f56792356e464ebf2453b43d6ef7847b68e7aae737d915cdfc67377bc27cdfece9a8f8c9e670e0c5d69328e4d9bbbcd31b89efa8d7abb0d455ace5bdb6fc5e65b067bcdea55bb8001520000000000000000000000000bb468b93c926dbea4743866883793a9b17757499d5430b52b3b417af0ea565251d4d1d961f2a8f28acdfdc8ebf08d188d3e74f294d7d946da95ac6094631497822acfadc26cd851f7a59cbe8bc8e29d66f2406601ec9cc0000009800030313c02157ab567d525faccf08caa538d45bb35745e32b68703896075293e72cd77a3b51ad3d43334f7fa294e7b63cc978744f9ac4ec86bdea2ff00f57f8675c6bae270e0d9dee01529e6dace2bca8ed89ac3e7aa529d3769a68e94d3d0000c8900000000000000003200033ed305ab3cb560f27d6d648e82cb4352db5259f84771dd47055aaf76397379228e691cad1b7949ec4dfa11bfc3743a4f6d47abe6ae91d5d0b68c1651492cba89caa33e930fb229c2cea3bbe5c0e6956e463e1f8742926a31cbb5be9332f9565bd6123dc8c2305bb1565c8e572b949480058a800000000000003323528a96c92525d8d6648156ae4a6696fb4429cba19c1fbd1a3bad15ab1dcb5bd5de76e86d3cbadb3a8d4e167cd65f4d0de35648f33ab45a7b534fc5168f4caf6d192ca4935e28d5dce88d396d8e707f71e355d8f34ff96eebc726742ae9ea70e0e86f343ea473d5ca497b19a5af67283e745af4a3c8ab86ab4bbd17f75f436524f42c000e52c000000000000000000000002fd0bb9c7a32947d56d16012983a9b0e112e619672d74baa6bfbce8b0ee16a3fbda5978c5e7fccf34068aa345aecf6cc3b4e6d6a3fda6a3dd94d6ae66ee9dcc64b384a325da9e67cf05fb5bd9c1e7094a2fc1e468ab7344ef1f42ea95d43c6ac7845b98649c94d2efacdfdade74b87f0b51792a94da7db179afb2cd9558b2dbc8ef9a2869f0ed30b7ab928d58a7d92e67e6371079acf34fd068acf42c802b91426c48000b031492349f3c6d7f8d1fc44be7adaff001a3f88aa92e64dd1b90697e79daff1a3f887cf3b5fe347f113bcb993746e81a5f9e76bfc68fe22bf3d6d7f8d1fc4379731746e41a68e99daff001e3ee91857bc20dbc3749d47d915bc6f4798ba3a57e1994a95d259b692eb6fa8f33c4b84cad27f449538f8f399cb5e62d52a3e7ce52f4b327592d0a39a3d5710d3db6a7b149cdf64167f88e66ff853a8f354e9c60ba9bdb2385062eb4999b9b36d7fa4d5ea74eac9aec4f25f84d4b601836dea50000800000000000000000000000000000000004e9c33696ecfad9bdb0c3add64e7554bc12925ef3a2951751d934bc5bb10dd8d250b772794536fb11d0e1fa1f27b6a3c9775748db50c5eda0b284a315e0a45df9c547bebdd23e830f81c3c33a934df2d17f739a5393d119369610a6b28452f1f29993ad96e35bf2fd1efaf748a7cbf47f88bdd23dd8d6a31568ca2972c8e6709336329e650d7fcbf47bebdd22bf3828f7d7ba44fb4d2f997523b397233c181f3828f7d7ba43e7051efaf7487b4d2f99751d9cb919e0c0f97e8f7d7ba453e5fa3df5ee911ed34be643b39723600c0f9c147bebdd21f3828f7d7ba43da697ccba8ece5c8cf0607ce0a3df5ee90f9c147bebdd21ed34be65d47672e467956cd7fcbf47bebdd21f3828f7d7ba44fb4d2f997527725c8cf30af700a5537ac9f6c7611f9c147bebdd21f38a8ff00117e2293ab42a2b49c5af42ca325a1a8b8d086b6c669f8346b67a2d5bba9fa1c7fc4ea7e7151fe22f7487ce2a3fc45ee91e5cf058396924bc99aa9cf91c754c06b27b69cbd8b32d3c32a7727f66476ff0038e8ff00117e229f3868f7d7ba4737f0ec37f53ea8bf692e4708ed65dd7ee2e430ea8f7426feab3b9969152fe22f7488fce1a3fc4fcc556cec3ff53ec3b4972392a3a395df90d7a7619f43436a3db26a3f7b37ff0038a8f7d7ba457e71d2fe22f748e8860709179cafebfb10ea4b8235d6fa1714f9d26fc16c36b4306a74df360b35d7bd96be7151efaf7488fcbf47f88bf11e8c2384a7ddddfa1937366cb94639566b7e5fa3df5ee90f97e8f7d7ba4747b4d2f997533dc972363ae50c0f9c147bebdd21f3828f7d7ba44fb4d2f997523725c8cf0607ce0a3df5ee90f9c147bebdd21ed34be65d47672e467835ff002fd1efaf7487cbf47bebdd21ed54be65d47672e46c01aff97e8f7d7ba43e5fa3df5ee911ed34be65d47672e46c01aff97e8f7d7ba43e5fa3df5ee90f69a5f32ea3b39723600d7fcbf47bebdd21f2fd1efaf7487b4d2f99751d9cb91b006bfe5fa3df5ee90f97e8f7d7ba43da697ccba8ece5c8d8035ff2fd1efaf748afce0a3df5ee90f69a5f32ea3b397233cac646bfe7051efaf7487cbf47bebdd21ed34be65d46e4b91b3e55909414b34d27e19666bbe5fa3df5ee905a4347bebf10f68a5f32ea4ee4f914bbd19a52cdeaeabf3761aab9d086b6c669bec68dbfce0a3df5f88a7ce0a3df5f88e2a94b07535ddf34ecfe8689d4472371a3b5a3be0daed5b4c09d26b7a68ef7e5fa3df5ee910ad8d5bcba528bf4c7fe83cba9b3f0efb9512f3b3fd8dd5497147040eb6e6859cb74945beeeb1aeb8c2686f8d78fa24a47993c14a3a4a2fd6df73552b9a306656b14b75483f46b7f4986704a2e3a970002a00000000000000000000000067586375693ce9d4945f83304129d81dbe19c29568e4a718d45f65fbd1d3619c265bcf25352a6fb5f391e440d555922dbccfa0218ed06b3556935dbaf107cfe0d3b7f02778fffd9, 'ibra123', '2017-11-06 22:57:30', '2017-11-06 00:00:00', 'emp001');

--
-- Indexes for dumped tables
--

--
-- Indexes for table `bindata`
--
ALTER TABLE `bindata`
  ADD PRIMARY KEY (`entryid`),
  ADD KEY `binid` (`binid`);

--
-- Indexes for table `bindetails`
--
ALTER TABLE `bindetails`
  ADD PRIMARY KEY (`binid`);

--
-- Indexes for table `bins`
--
ALTER TABLE `bins`
  ADD PRIMARY KEY (`entryId`);

--
-- Indexes for table `collection`
--
ALTER TABLE `collection`
  ADD PRIMARY KEY (`Level`);

--
-- Indexes for table `collectiondata`
--
ALTER TABLE `collectiondata`
  ADD PRIMARY KEY (`entryid`);

--
-- Indexes for table `dailydata`
--
ALTER TABLE `dailydata`
  ADD PRIMARY KEY (`entryid`);

--
-- Indexes for table `driver`
--
ALTER TABLE `driver`
  ADD PRIMARY KEY (`id`);

--
-- Indexes for table `efficiency`
--
ALTER TABLE `efficiency`
  ADD PRIMARY KEY (`entry_id`);

--
-- Indexes for table `employees`
--
ALTER TABLE `employees`
  ADD PRIMARY KEY (`empid`);

--
-- Indexes for table `predicteddata`
--
ALTER TABLE `predicteddata`
  ADD PRIMARY KEY (`entryid`);

--
-- Indexes for table `user`
--
ALTER TABLE `user`
  ADD PRIMARY KEY (`userid`);

--
-- AUTO_INCREMENT for dumped tables
--

--
-- AUTO_INCREMENT for table `bindata`
--
ALTER TABLE `bindata`
  MODIFY `entryid` int(6) NOT NULL AUTO_INCREMENT, AUTO_INCREMENT=27;
--
-- AUTO_INCREMENT for table `bins`
--
ALTER TABLE `bins`
  MODIFY `entryId` int(11) NOT NULL AUTO_INCREMENT, AUTO_INCREMENT=705;
--
-- AUTO_INCREMENT for table `collectiondata`
--
ALTER TABLE `collectiondata`
  MODIFY `entryid` int(6) NOT NULL AUTO_INCREMENT, AUTO_INCREMENT=3;
--
-- AUTO_INCREMENT for table `dailydata`
--
ALTER TABLE `dailydata`
  MODIFY `entryid` int(8) NOT NULL AUTO_INCREMENT;
--
-- AUTO_INCREMENT for table `driver`
--
ALTER TABLE `driver`
  MODIFY `id` int(11) NOT NULL AUTO_INCREMENT, AUTO_INCREMENT=4308574;
--
-- AUTO_INCREMENT for table `employees`
--
ALTER TABLE `employees`
  MODIFY `empid` int(8) NOT NULL AUTO_INCREMENT, AUTO_INCREMENT=19;
--
-- AUTO_INCREMENT for table `predicteddata`
--
ALTER TABLE `predicteddata`
  MODIFY `entryid` int(8) NOT NULL AUTO_INCREMENT, AUTO_INCREMENT=1724;
--
-- AUTO_INCREMENT for table `user`
--
ALTER TABLE `user`
  MODIFY `userid` int(10) NOT NULL AUTO_INCREMENT, AUTO_INCREMENT=3;
--
-- Constraints for dumped tables
--

--
-- Constraints for table `bindata`
--
ALTER TABLE `bindata`
  ADD CONSTRAINT `bindata_ibfk_1` FOREIGN KEY (`binid`) REFERENCES `bindetails` (`binid`);

/*!40101 SET CHARACTER_SET_CLIENT=@OLD_CHARACTER_SET_CLIENT */;
/*!40101 SET CHARACTER_SET_RESULTS=@OLD_CHARACTER_SET_RESULTS */;
/*!40101 SET COLLATION_CONNECTION=@OLD_COLLATION_CONNECTION */;
